大tab,品类,名称,指标值,主投链路,视频号/店铺,CTR,CVR,ROI,退款率,客单价,行动建议,场景
AMS投放爆品,T恤,【品质纯棉】新款宽松休闲t恤短袖百搭大码中长款白色时尚女C,18001.5,ADQ×小店 (100.0%),豪赛雷服饰,3.65,8.17,3.23,45.54,40.2,ROI表现强，建议优先扩量并复制高转化素材,居家休闲
AMS投放爆品,T恤,藏青纯棉短袖T恤女2026新款宽松显瘦百搭半袖设计感上衣C,13635.4,ADQ×小店 (100.0%),豪赛雷服饰,5.38,7.97,3.6,20.67,40.1,ROI表现强，建议优先扩量并复制高转化素材,居家休闲
AMS投放爆品,T恤,100%纯棉咖色短袖T恤女夏新款宽松圆领时尚百搭减龄上衣C,9772.2,ADQ×小店 (100.0%),豪赛雷服饰,5.08,6.8,2.97,47.87,40.0,ROI表现强，建议优先扩量并复制高转化素材,居家休闲
AMS投放爆品,T恤,100%棉短袖T恤女夏季200斤大码显瘦宽松时尚休闲半袖洋气百搭显白上衣G,8867.1,ADQ×小店 (100.0%),豪赛雷服饰,3.14,10.49,3.54,36.82,40.2,ROI表现强，建议优先扩量并复制高转化素材,居家休闲
AMS投放爆品,T恤,【优质纯棉】夏季新款全棉短袖T恤女夏季大码宽松显瘦印花百搭国风上C,5475.9,ADQ×小店 (100.0%),豪赛雷服饰,4.54,9.79,3.46,28.24,40.3,ROI表现强，建议优先扩量并复制高转化素材,居家休闲
AMS投放爆品,T恤,100%纯棉短袖T恤女宽松显瘦圆领玫瑰印花慵懒休闲上衣,4385.4,ADQ×小店 (100.0%),豪赛雷服饰,5.28,6.53,3.27,33.48,40.1,ROI表现强，建议优先扩量并复制高转化素材,居家休闲
AMS投放爆品,T恤,2026夏季新款纯棉短袖t恤女士宽松显瘦洋气减龄休闲大码圆领上衣G,2763.7,ADQ×小店 (100.0%),豪赛雷服饰,4.25,7.46,3.36,34.42,40.2,ROI表现强，建议优先扩量并复制高转化素材,居家休闲
AMS投放爆品,T恤,【优质纯棉】2026夏季新款短袖t恤女士宽松显瘦洋气减龄休闲大码圆领上衣G,2480.0,ADQ×小店 (100.0%),豪赛雷服饰,4.91,6.92,3.24,24.86,40.0,ROI表现强，建议优先扩量并复制高转化素材,居家休闲
AMS投放爆品,T恤,【优质棉】2026夏季新款短袖t恤女纯棉宽松显瘦洋气减龄休闲大码上衣G,2333.8,ADQ×小店 (100.0%),豪赛雷服饰,4.43,6.97,3.0,35.37,40.3,ROI表现强，建议优先扩量并复制高转化素材,居家休闲
AMS投放爆品,T恤,【莱赛尔 透心凉面膜T恤】莱赛尔天丝减龄遮肉显瘦速干透气不闷汗圆领纯色短袖小衫,2035.5,ADQ×直播 (100.0%),YOKO懿彄特伦,3.4,3.56,2.44,43.17,70.2,ROI稳定，建议稳量+小预算测试新卖点,户外出游
AMS投放爆品,T恤,【气质休闲】纯棉短袖t恤女2026新款爆款简约时尚宽松版大码显瘦休闲上衣G,1927.2,ADQ×小店 (100.0%),豪赛雷服饰,4.21,7.0,3.09,40.37,40.3,ROI表现强，建议优先扩量并复制高转化素材,日常通勤
AMS投放爆品,T恤,【清仓捡漏】纯棉短袖T恤女2026夏季大码显瘦宽松韩版时尚妈妈装百搭半袖G,1906.3,ADQ×小店 (100.0%),豪赛雷服饰,4.31,8.45,3.07,59.28,41.1,ROI表现强，建议优先扩量并复制高转化素材,居家休闲
AMS投放爆品,T恤,【买一送一】李小冉同款白小T冰柔棉T恤三代短袖休闲凉感防晒透气,1828.4,ADQ×直播 (56.0%),拇指白小T官方旗舰店,2.58,1.55,2.63,29.91,261.4,ROI表现强，建议优先扩量并复制高转化素材,户外出游
AMS投放爆品,T恤,【纯棉】夏季短袖t恤女2026新款爆款简约时尚宽松版大码显瘦休闲上衣G,1669.9,ADQ×小店 (100.0%),豪赛雷服饰,3.36,6.54,3.0,37.92,40.4,ROI表现强，建议优先扩量并复制高转化素材,居家休闲
AMS投放爆品,T恤,{ 莱赛尔纤维 速干不闷汗} 莱赛尔清爽遮肉显瘦面膜T恤小衫,1525.8,ADQ×直播 (97.7%),YOKO懿彄特伦,3.91,2.95,2.57,34.56,70.2,ROI表现强，建议优先扩量并复制高转化素材,日常通勤
AMS投放爆品,T恤,黑色一字领中袖T恤女2026新款修身显瘦五分袖打底衫内搭性感漏锁骨上衣,1329.5,小店广告×小店 (100.0%),漫生活-服饰,2.38,8.97,3.3,42.33,70.3,ROI表现强，建议优先扩量并复制高转化素材,日常通勤
AMS投放爆品,T恤,【专柜正品】五分袖打底衫T恤百搭显瘦内搭纯色简约大码圆领半袖女,1267.2,ADQ×直播 (100.0%),秀密密工厂店,3.84,7.9,2.92,26.82,50.2,ROI表现强，建议优先扩量并复制高转化素材,日常通勤
AMS投放爆品,T恤,【七夕大促】秩年夏季大码遮肉显瘦竹节棉T恤微胖宽松V领短袖女透气上衣,1151.3,ADQ×小店 (100.0%),小鹅优选购,1.97,11.5,3.0,24.8,99.2,ROI表现强，建议优先扩量并复制高转化素材,居家休闲
AMS投放爆品,T恤,【超划算优质纯棉】新款宽松休闲t恤短袖百搭大码中长款彩色时尚女C,1126.8,ADQ×小店 (100.0%),豪赛雷服饰,5.96,5.6,2.93,43.63,40.1,ROI表现强，建议优先扩量并复制高转化素材,居家休闲
AMS投放爆品,T恤,【新店开业】轶年复古条纹圆领短袖显瘦正肩百搭可外穿女士日常上衣,1103.3,ADQ×小店 (100.0%),小鹅优选购,3.18,4.7,3.02,24.42,99.0,ROI表现强，建议优先扩量并复制高转化素材,日常通勤
AMS投放爆品,T恤,2026新款短袖T恤女棉质正肩圆领韩系时尚减龄显瘦百搭休闲上衣,1095.5,小店广告×小店 (75.5%),温莳精品服饰,2.55,6.25,3.29,38.48,59.3,ROI表现强，建议优先扩量并复制高转化素材,居家休闲
AMS投放爆品,T恤,{ 莱赛尔纤维 速干不闷汗} 莱赛尔清爽遮肉显瘦面膜T恤小衫,1047.4,小店广告×小店 (56.7%),DBO鲷铋,5.02,3.64,2.85,50.17,70.3,ROI表现强，建议优先扩量并复制高转化素材,日常通勤
AMS投放爆品,T恤,2026新款纯棉韩版时尚洋气宽松大码遮肉显瘦圆领短袖T恤女,1034.0,ADQ×小店 (100.0%),豪赛雷服饰,2.89,7.62,2.79,32.74,40.0,ROI表现强，建议优先扩量并复制高转化素材,居家休闲
AMS投放爆品,T恤,【气质优雅】夏季200斤大码显瘦纯棉短袖T恤女宽松版休闲半袖洋气减龄上衣G,971.0,ADQ×小店 (100.0%),豪赛雷服饰,3.33,9.16,2.92,31.93,40.6,ROI表现强，建议优先扩量并复制高转化素材,居家休闲
AMS投放爆品,T恤,【洋气休闲】夏季新款大码宽松印花短袖T恤女时尚百搭显瘦上衣,954.0,ADQ×小店 (100.0%),豪赛雷服饰,2.28,8.19,2.82,48.56,40.2,ROI表现强，建议优先扩量并复制高转化素材,居家休闲
AMS投放爆品,T恤,2026新款小立领五分袖打底衫T恤百搭显瘦内搭纯色简约大码,909.0,ADQ×直播 (100.0%),秀密密工厂店,4.26,7.37,2.89,39.95,50.3,ROI表现强，建议优先扩量并复制高转化素材,日常通勤
AMS投放爆品,T恤,【热卖推荐】2026新款洋气减龄显瘦T恤百搭设计感短袖上衣G3946,884.1,小店广告×小店 (100.0%),诗野服饰商行,3.17,6.54,3.88,51.87,89.6,ROI表现强，建议优先扩量并复制高转化素材,日常通勤
AMS投放爆品,T恤,2026夏季新款纯棉圆领T恤女潮流百搭短袖时尚休闲半袖印花上衣,749.5,ADQ×小店 (100.0%),豪赛雷服饰,3.11,4.53,2.7,36.87,40.7,ROI表现强，建议优先扩量并复制高转化素材,居家休闲
AMS投放爆品,T恤,{热卖推荐】时尚圆领洋气小衫百搭宽松显瘦气质短袖上衣,748.8,ADQ×小店 (100.0%),豪赛雷服饰,2.92,8.84,2.64,37.05,40.1,ROI表现强，建议优先扩量并复制高转化素材,日常通勤
AMS投放爆品,T恤,【优质纯棉】夏季新款字母印花大码时尚百搭减龄潮流短袖圆领T恤女p,728.6,ADQ×小店 (100.0%),豪赛雷服饰,4.19,6.81,3.15,17.89,39.9,ROI表现强，建议优先扩量并复制高转化素材,换季焕新
AMS投放爆品,休闲裤,【杨幂同款】SIINSIIN垂垂滑滑冰皮云感直筒裤粉彩风防晒裤,4485.7,ADQ×直播 (68.9%),SIINSIIN星钥品牌,2.2,4.86,3.52,78.29,213.5,ROI表现强，建议优先扩量并复制高转化素材,居家休闲
AMS投放爆品,休闲裤,WANG ZONE｜长腿裤 极简弹力舒适微喇黑色显瘦休闲长裤,2014.3,ADQ×直播 (100.0%),王王王大头OT设计师,3.78,8.08,58.5,48.8,790.8,ROI表现强，建议优先扩量并复制高转化素材,居家休闲
AMS投放爆品,休闲裤,阔腿裤女2026夏季新款垂感宽松显瘦休闲裤时尚百搭八分裤,1752.2,ADQ×小店 (100.0%),晴迈优选好物,2.6,4.95,2.7,36.45,99.7,ROI表现强，建议优先扩量并复制高转化素材,居家休闲
AMS投放爆品,休闲裤,2026新款工装阔腿女裤 螺纹宽腰头提臀线透气速干凉感显瘦百搭运动休闲裤6318,1621.9,小店广告×小店 (100.0%),一亦穿搭减肥版,3.81,9.52,7.99,45.78,80.1,ROI表现强，建议优先扩量并复制高转化素材,居家休闲
AMS投放爆品,休闲裤,【夏季】新款时尚高腰休闲裤 哈伦萝卜裤 弹力显瘦百搭卫裤纯色裤子,1529.8,ADQ×直播 (72.7%),森衣惠女装,3.17,3.72,3.39,62.59,130.2,ROI表现强，建议优先扩量并复制高转化素材,居家休闲
AMS投放爆品,休闲裤,爆款高级灰色微喇裤女2026早秋新款垂感松紧腰弹力显瘦妈妈休闲裤,1504.3,小店广告×小店 (100.0%),安然女装穿搭视频,5.36,9.04,4.2,20.39,59.4,ROI表现强，建议优先扩量并复制高转化素材,居家休闲
AMS投放爆品,休闲裤,【夏季新款】弹力窄版阔腿裤时尚休闲裤面料柔软显瘦百搭弹力新款裤子,1301.9,ADQ×小店 (50.8%),森衣惠时尚女装店,4.7,3.17,4.4,64.7,131.2,ROI表现强，建议优先扩量并复制高转化素材,居家休闲
AMS投放爆品,休闲裤,【杨幂同款】SIINSIIN云感直筒裤高腰显瘦夏季冰皮休闲裤,1297.3,ADQ×直播 (55.2%),SIINSIIN星钥品牌,2.53,6.8,3.54,67.86,202.5,ROI表现强，建议优先扩量并复制高转化素材,居家休闲
AMS投放爆品,休闲裤,【云柔棉豌豆裤】2026年夏季新款高腰显瘦气质百搭时尚豌豆裤 81032,1230.5,小店广告×直播 (100.0%),皖宜夫妇的工厂店,2.83,5.6,8.13,72.13,140.9,ROI表现强，建议优先扩量并复制高转化素材,日常通勤
AMS投放爆品,休闲裤,2026夏季新款高腰显瘦香蕉裤女时尚百搭宽松休闲垂感直筒运动长裤,1030.3,小店广告×小店 (100.0%),蕴特女装服饰工厂,5.78,5.3,4.52,53.43,50.2,ROI表现强，建议优先扩量并复制高转化素材,居家休闲
AMS投放爆品,休闲裤,[夏薄款]2026新款提臀线螺纹宽腰头透气速干凉感显瘦百搭阔腿工装休闲运动女裤子6318,985.1,小店广告×小店 (90.6%),一亦穿搭减肥版,3.64,10.64,7.04,52.4,79.9,ROI表现强，建议优先扩量并复制高转化素材,居家休闲
AMS投放爆品,休闲裤,2026夏季新款百搭垂感洋气宽松显瘦高腰阔腿裤,976.6,小店广告×直播 (75.1%),雅雅服饰9225,5.43,7.78,10.77,98.25,60.2,ROI表现强，建议优先扩量并复制高转化素材,居家休闲
AMS投放爆品,休闲裤,2026新款夏季冰丝高腰宽松显瘦休闲裤妈妈大码九分哈伦裤,842.4,小店广告×小店 (100.0%),兰子优品女装工厂店,3.25,7.94,3.12,25.12,30.6,ROI表现强，建议优先扩量并复制高转化素材,居家休闲
AMS投放爆品,休闲裤,浙锦早秋新款32姆米真丝夏季双面缎重磅阔腿裤 舒适不易皱垂顺显瘦裤子,824.6,ADQ×直播 (100.0%),浙锦ZHEJIN,2.84,2.18,7.55,97.56,2126.8,ROI表现强，建议优先扩量并复制高转化素材,居家休闲
AMS投放爆品,休闲裤,拉夏贝尔冰氧亚麻裤女夏季薄款2026高腰宽松小个子窄版阔腿直筒裤,816.5,ADQ×小店 (100.0%),拉夏贝尔女裤优选,3.28,6.55,5.82,67.95,160.4,ROI表现强，建议优先扩量并复制高转化素材,居家休闲
AMS投放爆品,休闲裤,2026灰色微喇裤子女早秋新款高腰百搭修身显瘦窄版休闲妈妈喇叭裤,704.5,小店广告×小店 (100.0%),安然女装穿搭视频,4.95,9.01,4.5,34.0,59.2,ROI表现强，建议优先扩量并复制高转化素材,居家休闲
AMS投放爆品,休闲裤,爆款灰色微喇裤女春夏2026新款垂感松紧腰弹力显瘦大码妈妈休闲裤,674.8,小店广告×小店 (100.0%),安然女装穿搭视频,5.7,9.55,4.2,38.9,59.2,ROI表现强，建议优先扩量并复制高转化素材,居家休闲
AMS投放爆品,休闲裤,2026年秋季新款宽松韩版阔腿裤女窄版直筒裤休闲显瘦百搭潮流女裤,646.8,小店广告×小店 (100.0%),蕴特女装服饰工厂,4.79,5.91,4.45,45.34,50.0,ROI表现强，建议优先扩量并复制高转化素材,居家休闲
AMS投放爆品,休闲裤,【杨幂同款】SIINSIIN轻塑喇叭裤,631.0,ADQ×小店 (100.0%),SIINSIIN户外运动店,0.28,2.65,1.63,53.95,189.1,ROI稳定，建议稳量+小预算测试新卖点,居家休闲
AMS投放爆品,休闲裤,Laan Rain四季款防晒修身弹力裸感长裤,616.8,小店广告×直播 (100.0%),LaanRain兰雨轻奢运动女装,3.53,3.27,6.88,94.46,131.8,ROI表现强，建议优先扩量并复制高转化素材,居家休闲
AMS投放爆品,休闲裤,拉夏贝尔卡其色裙裤女夏季薄款2026新款冰丝高级感垂感天丝小个子阔腿裤裙,605.1,小店广告×直播 (44.8%),拉夏贝尔品质女装,2.5,4.75,5.63,115.88,162.2,ROI表现强，建议优先扩量并复制高转化素材,居家休闲
AMS投放爆品,休闲裤,Say Ya【自在】基础天赋 凉柔精纺羊绒九分直筒裤 百搭/透气,587.2,小店广告×小店 (100.0%),瓦莎路亚羊绒女装,2.31,23.41,35.84,46.69,1083.2,ROI表现强，建议优先扩量并复制高转化素材,居家休闲
AMS投放爆品,休闲裤,【杨幂同款】SIINSIIN白色工装伞兵裤2.0防晒透气休闲宽松正品凉感裤子,520.0,ADQ×小店 (100.0%),SINSIN服饰品牌,2.79,7.77,4.73,61.26,180.3,ROI表现强，建议优先扩量并复制高转化素材,居家休闲
AMS投放爆品,休闲裤,2026夏季薄款工装裤女黑色高档凉感微喇女裤显瘦喇叭裤防晒女款休闲裤女6050-精品005--001,517.6,ADQ×直播 (100.0%),JOJO品牌-轻奢女装,2.07,6.96,4.87,60.09,78.3,ROI表现强，建议优先扩量并复制高转化素材,居家休闲
AMS投放爆品,休闲裤,2026新款高腰优雅休闲夏季九分裤宽松哈伦裤垂感大码薄款休闲裤子,500.8,小店广告×小店 (100.0%),锦程服饰工厂店4274,3.37,5.84,2.9,14.59,30.6,ROI表现强，建议优先扩量并复制高转化素材,居家休闲
AMS投放爆品,休闲裤,【戚薇同款】MissWiss冰氧直筒裤显瘦显腿直,435.6,ADQ×直播 (100.0%),MissWiss运动户外旗舰店,3.88,5.55,5.24,83.56,145.8,ROI表现强，建议优先扩量并复制高转化素材,居家休闲
AMS投放爆品,休闲裤,2026新款夏薄款女士高阶气球裤宽松高腰弯刀裤显瘦九分慵懒凉凉哪吒裤,431.4,小店广告×小店 (100.0%),诗美精品女装穿搭视频,4.41,5.56,4.19,33.65,59.6,ROI表现强，建议优先扩量并复制高转化素材,居家休闲
AMS投放爆品,休闲裤,灰色微喇裤女士2026秋季新款高腰显瘦百搭垂感休闲妈妈裤微喇长裤,421.1,小店广告×小店 (100.0%),安然女装穿搭视频,5.06,11.42,4.3,38.69,59.1,ROI表现强，建议优先扩量并复制高转化素材,居家休闲
AMS投放爆品,休闲裤,浙锦早秋新款28姆米【可水洗可机洗】真丝垂坠显瘦高腰阔腿裤女夏季通勤休闲长裤,418.5,ADQ×直播 (100.0%),浙锦ZHEJIN,2.6,1.13,4.31,76.92,1941.5,ROI表现强，建议优先扩量并复制高转化素材,日常通勤
AMS投放爆品,休闲裤,MissWiss云感垂坠阔腿裤显瘦显腿长夏季薄款透气宽松垂感休闲裤,387.3,ADQ×直播 (100.0%),MissWiss时尚旗舰店,2.6,7.81,7.4,108.2,91.4,ROI表现强，建议优先扩量并复制高转化素材,居家休闲
AMS投放爆品,打底衫,【买一送一】蕾丝短袖镂空打底衫防走光女透明内搭薄纱半截上衣,19300.6,ADQ×直播 (91.1%),一嫂精品优选,1.66,11.07,2.43,28.57,40.0,ROI稳定，建议稳量+小预算测试新卖点,约会社交
AMS投放爆品,打底衫,打底衫女2026新款圆领五分袖打底衫T恤百搭显瘦内搭纯色简约大码,5877.9,ADQ×直播 (95.5%),秀密女装,4.03,6.68,2.68,22.77,50.2,ROI表现强，建议优先扩量并复制高转化素材,日常通勤
AMS投放爆品,打底衫,【买一送一】镂空蕾丝短袖内搭防走光打底衫女半截上衣透明薄纱,4497.7,ADQ×直播 (85.7%),一嫂精品优选,1.91,8.97,2.6,43.46,40.0,ROI表现强，建议优先扩量并复制高转化素材,约会社交
AMS投放爆品,打底衫,哥弟商元【凉感醋酸】夏季新款百搭显瘦休闲透气女短袖打底上衣,3870.0,小店广告×直播 (96.1%),哥弟商元贸易有限公司,3.18,5.03,4.05,63.35,91.7,ROI表现强，建议优先扩量并复制高转化素材,居家休闲
AMS投放爆品,打底衫,打底衫女2026新款圆领五分袖打底衫T恤百搭显瘦内搭纯色简约大码,3532.4,ADQ×直播 (100.0%),秀密密工厂店,4.36,7.14,2.93,42.42,50.1,ROI表现强，建议优先扩量并复制高转化素材,日常通勤
AMS投放爆品,打底衫,【买一送一】蕾丝短袖镂空打底衫女透明内搭防走光薄纱半截上衣,1182.3,ADQ×直播 (84.7%),一嫂精品优选,1.88,9.57,2.6,81.81,39.9,ROI表现强，建议优先扩量并复制高转化素材,约会社交
AMS投放爆品,打底衫,哥弟商元【蚕丝亚麻】夏季吸湿排汗薄款透气百搭显瘦短袖打底上衣,949.9,小店广告×小店 (54.2%),哥弟商元贸易有限公司,3.42,6.28,4.12,92.63,93.0,ROI表现强，建议优先扩量并复制高转化素材,户外出游
AMS投放爆品,打底衫,哥弟商元【拍一发二】天丝莫代尔夏季凉感短袖打底休闲百搭透气女士,477.5,小店广告×直播 (72.9%),哥弟商元家居服饰,3.69,4.71,7.39,60.04,118.5,ROI表现强，建议优先扩量并复制高转化素材,居家休闲
AMS投放爆品,打底衫,哥弟商元【亚麻宽松】夏季新品莱赛尔轻薄透气凉感短袖打底上衣,450.3,小店广告×小店 (51.3%),哥弟商元贸易有限公司,3.68,5.42,4.02,84.12,93.9,ROI表现强，建议优先扩量并复制高转化素材,户外出游
AMS投放爆品,打底衫,哥弟商元【天丝莱赛尔宽松版】凉感罗纹针织背心遮肉透气舒适夏季女士,248.3,ADQ×直播 (88.8%),哥弟商元家居服饰,7.57,1.64,3.69,61.5,81.1,ROI表现强，建议优先扩量并复制高转化素材,居家休闲
AMS投放爆品,打底衫,短款半高领短袖t恤女2026新款夏季外穿不对称鱼骨设计感减龄显瘦打底正肩上衣,181.5,ADQ×小店 (100.0%),漫生活-服饰,2.64,7.79,2.86,42.11,63.8,ROI表现强，建议优先扩量并复制高转化素材,换季焕新
AMS投放爆品,打底衫,早秋新款黑色半高领中袖女修身显瘦通勤内搭设计感小个子打底衫,76.8,ADQ×小店 (100.0%),迪鱼家女装,0.62,6.41,0.56,70.0,59.9,ROI偏弱，建议优化定价与落地页转化链路,日常通勤
AMS投放爆品,打底衫,哥弟商元【换季折扣】薄绒270g天竺葵加绒小立领润氧百搭长袖打底衫,42.2,小店广告×小店 (100.0%),哥弟商元贸易有限公司,7.44,4.72,5.63,17.78,74.0,ROI表现强，建议优先扩量并复制高转化素材,换季焕新
AMS投放爆品,打底衫,气质妈妈长袖打底衫女宽松撞色圆领T恤2026新款简约刺绣套头上衣,41.8,小店广告×小店 (100.0%),蔓蔓高定女装,5.32,5.24,6.04,58.14,82.1,ROI表现强，建议优先扩量并复制高转化素材,日常通勤
AMS投放爆品,打底衫,【LUMIEN 新品】时尚极简风挺阔直筒低腰锥型九分牛仔裤女LK6K2381,34.1,小店广告×直播 (100.0%),是迪迪ya.,2.17,5.08,6.59,0.0,349.2,ROI表现强，建议优先扩量并复制高转化素材,日常通勤
AMS投放爆品,打底衫,秋季新款爆款时髦打底衫减龄长袖t恤正肩遮肉圆领上衣时尚女装潮,29.8,ADQ×小店 (100.0%),轩凌子服装,5.07,8.36,6.27,27.59,90.2,ROI表现强，建议优先扩量并复制高转化素材,日常通勤
AMS投放爆品,打底衫,[豆腐褶]设计款气质显瘦防晒加冷衫,24.0,小店广告×直播 (100.0%),-小七甄选高货,2.51,4.31,3.61,71.43,173.3,ROI表现强，建议优先扩量并复制高转化素材,日常通勤
AMS投放爆品,打底衫,中年女士长袖上衣小V领珍珠排扣设计妈妈装宽松显瘦百搭打底T恤女,17.1,小店广告×小店 (100.0%),蔓蔓高定女装,5.08,4.34,6.24,60.0,99.6,ROI表现强，建议优先扩量并复制高转化素材,居家休闲
AMS投放爆品,打底衫,【高货褶皱】褶皱连衣裙垂感梨形身材简约宽松显瘦法式休闲波点背心裙,16.1,小店广告×直播 (100.0%),-小七甄选高货,2.16,3.87,4.27,20.0,193.0,ROI表现强，建议优先扩量并复制高转化素材,居家休闲
AMS投放爆品,打底衫,B69733洋气时尚长袖长裤套装,14.6,小店广告×直播 (100.0%),欧货奢品老板娘-闻闻,4.86,5.08,6.26,110.0,128.2,ROI表现强，建议优先扩量并复制高转化素材,日常通勤
AMS投放爆品,打底衫,小立领中袖T恤女2026新款修身显瘦内搭黑色气质五分袖打底衫半高领上衣,13.9,小店广告×小店 (100.0%),漫生活-服饰,2.54,6.67,3.6,0.0,69.9,ROI表现强，建议优先扩量并复制高转化素材,日常通勤
AMS投放爆品,打底衫,哥弟商元【蚕丝亚麻】夏季吸湿排汗薄款透气简约百搭显瘦短袖打底上衣,11.8,小店广告×小店 (100.0%),哥弟商元内衣旗舰店,4.47,3.24,4.0,42.86,94.7,ROI表现强，建议优先扩量并复制高转化素材,日常通勤
AMS投放爆品,打底衫,林肉肉休闲撞色细条纹打底长袖上衣 CXW65169,11.8,小店广告×小店 (100.0%),LRR林肉肉,7.78,47.37,25.01,51.85,153.7,ROI表现强，建议优先扩量并复制高转化素材,居家休闲
AMS投放爆品,打底衫,简约优雅气质轻奢轻熟时装显瘦褶皱上衣,9.4,小店广告×直播 (100.0%),-小七甄选高货,2.49,5.97,6.73,20.0,177.0,ROI表现强，建议优先扩量并复制高转化素材,日常通勤
AMS投放爆品,打底衫,林肉肉拼肘印花复古长袖打底衫 CXW66249,8.1,小店广告×小店 (100.0%),LRR林肉肉,2.72,7.96,25.04,33.33,157.2,ROI表现强，建议优先扩量并复制高转化素材,日常通勤
AMS投放爆品,打底衫,美洋MEIYANG天选内搭二号【商场同款】修身显瘦打底长袖上衣打底衫,8.0,小店广告×小店 (100.0%),美洋女装官方商城,3.77,5.48,10.0,75.0,279.0,ROI表现强，建议优先扩量并复制高转化素材,日常通勤
AMS投放爆品,打底衫,Dan Dan 黑色显气质袖子镶钻高级感上衣女时髦精打底衫T恤,7.7,小店广告×小店 (100.0%),Zero-Nine,3.16,66.67,6.57,50.0,177.4,ROI表现强，建议优先扩量并复制高转化素材,日常通勤
AMS投放爆品,打底衫,加拿大CARSCHEL KIGINS加鹅天丝莫代尔T恤五分袖显瘦上衣贴身柔软打底衫,7.1,小店广告×小店 (100.0%),寰宇奢品配饰店,1.16,2.94,3.58,100.0,358.0,ROI表现强，建议优先扩量并复制高转化素材,日常通勤
AMS投放爆品,打底衫,哥弟商元【亚麻宽松】夏季新品莱赛尔轻薄透气凉感短袖打底上衣,6.1,小店广告×小店 (100.0%),0,4.51,4.71,4.25,25.0,91.5,ROI表现强，建议优先扩量并复制高转化素材,户外出游
AMS投放爆品,打底衫,【热销款】三枪水滴领修饰肩颈纤条抗菌棉女衫,6.0,小店广告×小店 (100.0%),三枪湖北内衣专卖店,0.0,0.0,2.0,0.0,169.0,ROI稳定，建议稳量+小预算测试新卖点,日常通勤
AMS投放爆品,蕾丝衫/雪纺衫,【法式优雅】蕾丝上衣圆领显瘦夏季新款内搭骑行穿戴装备,24486.5,ADQ×直播 (68.8%),kolakola轻奢服饰,1.69,11.06,2.75,34.42,60.2,ROI表现强，建议优先扩量并复制高转化素材,约会社交
AMS投放爆品,蕾丝衫/雪纺衫,【买一送一】蕾丝短袖镂空打底衫女透明内搭防走光薄纱半截上衣,9147.1,ADQ×直播 (92.5%),一嫂精品优选,1.91,9.24,2.5,28.32,39.9,ROI表现强，建议优先扩量并复制高转化素材,约会社交
AMS投放爆品,蕾丝衫/雪纺衫,【直播必选】镂空蕾丝短袖打底衫女裙内搭防走光透明薄纱半截上衣,4630.3,ADQ×直播 (79.9%),振一振百货,2.36,13.01,2.5,25.34,30.3,ROI表现强，建议优先扩量并复制高转化素材,约会社交
AMS投放爆品,蕾丝衫/雪纺衫,【买一送一】镂空女洋气叠穿内搭防走光遮手臂气质时尚显瘦蕾丝衫,707.9,ADQ×直播 (100.0%),小茹家精品服饰,2.58,8.63,2.89,25.29,30.2,ROI表现强，建议优先扩量并复制高转化素材,日常通勤
AMS投放爆品,蕾丝衫/雪纺衫,打底衫女2026新款同款蕾丝网纱半高领短袖洋气百搭内搭,259.5,ADQ×小店 (100.0%),美姿的小店,5.72,7.29,2.52,28.41,20.2,ROI表现强，建议优先扩量并复制高转化素材,约会社交
AMS投放爆品,蕾丝衫/雪纺衫,高级感透视薄款柔软蕾丝勾花小衫休闲百搭设计感镂空网纱外穿上衣,238.0,ADQ×小店 (100.0%),美姿的小店,6.99,7.53,2.52,34.4,29.8,ROI表现强，建议优先扩量并复制高转化素材,约会社交
AMS投放爆品,蕾丝衫/雪纺衫,轻熟风黑色雪纺衫女夏季高级感上衣圆领设计宽松垂顺显气质通勤,95.0,ADQ×小店 (100.0%),美姿的小店,1.54,7.26,2.57,45.61,59.9,ROI表现强，建议优先扩量并复制高转化素材,日常通勤
AMS投放爆品,蕾丝衫/雪纺衫,A美洋MEIYANG 风信子雪纺衫【商场同款】抽褶灯笼袖圆领飘带-周三,71.8,小店广告×小店 (100.0%),美洋MEIYANG品牌号,4.96,2.33,11.0,67.86,394.7,ROI表现强，建议优先扩量并复制高转化素材,约会社交
AMS投放爆品,蕾丝衫/雪纺衫,[粉丝专享]MARYLING玛俪琳气质优雅微透视荷叶边两件套上衣A1AC20220,70.2,小店广告×小店 (99.9%),玛俪琳美童穿搭,2.87,6.54,8.99,99.92,1260.9,ROI表现强，建议优先扩量并复制高转化素材,日常通勤
AMS投放爆品,蕾丝衫/雪纺衫,【7SEVEN】桑蚕丝人丝~杏仁白 蕾丝拼接设计优雅质感早秋款小衫2008,67.2,小店广告×小店 (100.0%),张七七-qiqi,4.62,11.17,20.3,26.98,303.1,ROI表现强，建议优先扩量并复制高转化素材,约会社交
AMS投放爆品,蕾丝衫/雪纺衫,【7SEVEN】国风雅致提花工艺~温柔暖米白 圆领设计精致优雅小衫1195,66.5,小店广告×小店 (100.0%),张七七-qiqi,4.86,11.15,18.56,55.74,283.2,ROI表现强，建议优先扩量并复制高转化素材,约会社交
AMS投放爆品,蕾丝衫/雪纺衫,[粉丝专享]MARYLING玛俪琳气质优雅微透视荷叶边两件套上衣A1AC20220,64.0,小店广告×小店 (100.0%),0,3.09,75.0,9.0,33.33,1343.4,ROI表现强，建议优先扩量并复制高转化素材,日常通勤
AMS投放爆品,蕾丝衫/雪纺衫,MOCO上衣轻薄网纱数码印花格纹正肩捏褶收腰MBE3TOP003,51.3,小店广告×直播 (100.0%),MO&Co.官方,4.22,4.44,16.39,110.53,619.0,ROI表现强，建议优先扩量并复制高转化素材,约会社交
AMS投放爆品,蕾丝衫/雪纺衫,美洋MEIYANG 风信子雪纺衫【商场同款】灯笼袖圆领飘带-周三,49.9,小店广告×小店 (100.0%),美洋女装官方商城,3.7,8.7,10.69,61.11,414.6,ROI表现强，建议优先扩量并复制高转化素材,约会社交
AMS投放爆品,蕾丝衫/雪纺衫,[优选好物]2026新款欧货高档提花时气质尚显瘦短袖上衣,45.9,小店广告×小店 (100.0%),七喜乐服装,6.16,5.3,5.5,75.0,147.2,ROI表现强，建议优先扩量并复制高转化素材,日常通勤
AMS投放爆品,蕾丝衫/雪纺衫,2026夏季新款宽松雪纺衫女士中袖遮肚子上衣洋气条纹大码妈妈小衫,43.8,小店广告×小店 (100.0%),likeloo2,5.84,7.09,6.3,82.14,138.0,ROI表现强，建议优先扩量并复制高转化素材,约会社交
AMS投放爆品,蕾丝衫/雪纺衫,2026夏装新款大码女装宽松舒适时尚洋气小衫五分袖薄款雪纺衫上衣,32.4,ADQ×小店 (100.0%),馨偌服饰店,2.0,8.7,5.08,27.78,128.0,ROI表现强，建议优先扩量并复制高转化素材,居家休闲
AMS投放爆品,蕾丝衫/雪纺衫,枫竺阿楠anan气质优雅重工蕾丝边立领长袖衬衫女春夏出游百搭上,29.8,ADQ×小店 (100.0%),梅子企业店,4.9,10.0,38.34,58.49,302.2,ROI表现强，建议优先扩量并复制高转化素材,日常通勤
AMS投放爆品,蕾丝衫/雪纺衫,哟酷酷（蕾丝派对）美式立领透视蕾丝刺绣修身双头拉链长袖开衫,18.8,小店广告×小店 (100.0%),YOKUKU哟酷酷,2.65,46.94,10.0,47.83,114.6,ROI表现强，建议优先扩量并复制高转化素材,约会社交
AMS投放爆品,蕾丝衫/雪纺衫,胖mm大码女装2026年秋季新款韩版宽松时尚遮肉显瘦气质雪纺衫上衣,17.4,小店广告×小店 (100.0%),likeloo2,3.32,6.83,6.67,45.45,148.0,ROI表现强，建议优先扩量并复制高转化素材,日常通勤
AMS投放爆品,蕾丝衫/雪纺衫,A美洋MEIYANG 风信子雪纺衫【商场同款】抽褶灯笼袖圆领飘带-周三,14.5,小店广告×小店 (100.0%),美洋MEIYANG女装穿搭,0.0,0.0,7.05,80.0,287.0,ROI表现强，建议优先扩量并复制高转化素材,约会社交
AMS投放爆品,蕾丝衫/雪纺衫,JCCC影子【穿过春天】复古经典袖口涟漪长袖蕾丝打底衫JE5PBT19,13.2,小店广告×小店 (100.0%),JCCC影子.,4.32,8.33,3.38,0.0,313.5,ROI表现强，建议优先扩量并复制高转化素材,约会社交
AMS投放爆品,蕾丝衫/雪纺衫,司歌醋酸拼接蕾丝针织短袖上衣女夏T911062y,12.2,小店广告×小店 (100.0%),司歌穿搭美学,2.48,25.0,3.75,0.0,640.4,ROI表现强，建议优先扩量并复制高转化素材,约会社交
AMS投放爆品,蕾丝衫/雪纺衫,[粉丝专享]MARYLING玛俪琳七巧秘境印花百褶连衣裙A1BGW65540,11.5,小店广告×直播 (92.4%),玛俪琳美童穿搭,14.89,0.14,9.24,0.0,1377.1,ROI表现强，建议优先扩量并复制高转化素材,约会社交
AMS投放爆品,蕾丝衫/雪纺衫,利达 NEW DADADA 【孔雀蓝立体花】修身上衣百搭内搭打底衫CUZ4688,11.3,小店广告×小店 (100.0%),利达妹-NEW,3.86,25.0,3.92,0.0,206.7,ROI表现强，建议优先扩量并复制高转化素材,约会社交
AMS投放爆品,蕾丝衫/雪纺衫,枫竺阿楠anan气质优雅重工蕾丝边立领长袖衬衫女春夏出游百搭上,9.2,ADQ×小店 (100.0%),Fovulaem枫竺,4.52,10.46,41.77,68.75,337.8,ROI表现强，建议优先扩量并复制高转化素材,日常通勤
AMS投放爆品,蕾丝衫/雪纺衫,【烘焙麦片酸奶碗】玩铁猩猩烘焙坚果燕麦片多种口味榛子黑巧黑芝麻厚椰营养早餐酸奶碗饱腹代餐500g/罐,7.1,小店广告×直播 (100.0%),潘文青,2.36,66.15,0.0,0.0,0.0,ROI偏弱，建议优化定价与落地页转化链路,约会社交
AMS投放爆品,蕾丝衫/雪纺衫,枫竺阿楠anan优雅蕾丝V领镂空条纹短袖针织衫女春夏薄款出游开衫,6.7,ADQ×小店 (100.0%),梅子企业店,7.53,42.42,45.68,50.0,307.6,ROI表现强，建议优先扩量并复制高转化素材,约会社交
AMS投放爆品,蕾丝衫/雪纺衫,CHUNXILI/春熙里复古波点女圆领不规则下摆上衣D04S62132,6.0,小店广告×小店 (100.0%),阿大设计师CHUNXILI,2.46,8.33,12.66,50.0,264.0,ROI表现强，建议优先扩量并复制高转化素材,约会社交
AMS投放爆品,蕾丝衫/雪纺衫,张姐潮牌穿搭26311款春款牛仔拼接时尚百搭长袖T恤,5.6,小店广告×直播 (100.0%),温州苍南县张姐,0.0,0.0,8.34,57.14,46.8,ROI表现强，建议优先扩量并复制高转化素材,约会社交
AMS投放爆品,背心/吊带,【简约休闲】夏季新款修身百搭背心女外穿内搭骑行穿戴装备3213,8825.1,小店广告×直播 (68.8%),kolakola时尚服装,2.46,8.15,3.36,50.36,51.1,ROI表现强，建议优先扩量并复制高转化素材,日常通勤
AMS投放爆品,背心/吊带,【品牌正品，俩件更划算】2026新款春夏宽松显瘦背心女慵懒遮肚外穿西服内搭遮副乳打底吊带ZX,1143.9,ADQ×直播 (100.0%),葳莎VLEES女装,3.42,7.08,4.02,51.05,42.3,ROI表现强，建议优先扩量并复制高转化素材,居家休闲
AMS投放爆品,背心/吊带,【品牌正品】2026年款面膜背心洋气莱赛尔无袖背心ZX,1079.3,ADQ×直播 (100.0%),VLEESR轻奢服饰,3.97,3.87,2.68,59.23,50.4,ROI表现强，建议优先扩量并复制高转化素材,约会社交
AMS投放爆品,背心/吊带,[2件装]曼妮芬 · 一触即凉背心女士欧若风美背内衣内搭带杯小吊带打底,697.1,ADQ×直播 (95.8%),曼妮芬官方服饰店,1.22,6.21,3.47,36.45,249.7,ROI表现强，建议优先扩量并复制高转化素材,约会社交
AMS投放爆品,背心/吊带,一字领打底背心2026新款女装吊带内搭外穿高级感显瘦女款夏装爆款修身显瘦螺纹短款运动背心女百搭舒适休闲健身,688.2,小店广告×小店 (99.9%),蜜蕊高定女装,1.54,10.06,3.08,32.04,41.9,ROI表现强，建议优先扩量并复制高转化素材,居家休闲
AMS投放爆品,背心/吊带,【纯欲穿搭】撞色条纹工字背心 柔软亲肤无袖内搭可外穿上衣,683.7,ADQ×直播 (100.0%),鹿鹿服装工厂店,3.61,5.75,3.49,93.64,40.1,ROI表现强，建议优先扩量并复制高转化素材,约会社交
AMS投放爆品,背心/吊带,辣妹风挂脖露背吊带背心夏季新款修身小众百搭设计感内搭上衣女,659.5,小店广告×小店 (100.0%),丸子的衣服,3.04,10.79,3.5,56.78,81.2,ROI表现强，建议优先扩量并复制高转化素材,约会社交
AMS投放爆品,背心/吊带,夏季新款内搭打底吊带背心女一体式带胸垫免穿文胸无钢圈美背女G,651.9,ADQ×小店 (100.0%),豪赛雷服饰,2.03,7.71,2.7,35.22,81.9,ROI表现强，建议优先扩量并复制高转化素材,约会社交
AMS投放爆品,背心/吊带,夏季大码宽松吊带背心女防走光显瘦遮副乳凉感透气内搭外穿通勤休闲,571.8,小店广告×小店 (100.0%),艾薇高定女装,1.69,12.45,4.17,13.63,27.9,ROI表现强，建议优先扩量并复制高转化素材,居家休闲
AMS投放爆品,背心/吊带,曼妮芬女美背内衣文胸一体2026新款粉底液夏季薄款聚拢型蕾丝背心,567.1,ADQ×直播 (72.9%),曼妮芬官方服饰店,1.43,6.97,3.34,47.41,250.4,ROI表现强，建议优先扩量并复制高转化素材,约会社交
AMS投放爆品,背心/吊带,【大胸CDEF杯】国风米色美背大码显小外穿吊带背心带胸罩内衣微胖5640,566.6,小店广告×直播 (100.0%),蕾丝谜语,1.87,4.89,4.8,50.0,200.3,ROI表现强，建议优先扩量并复制高转化素材,约会社交
AMS投放爆品,背心/吊带,2026新款夏季百搭宽松简约慵懒风吊带背心遮肉显瘦凉感透气内搭外穿休闲,533.4,小店广告×小店 (100.0%),U家高定服饰,2.57,12.8,3.95,32.3,28.5,ROI表现强，建议优先扩量并复制高转化素材,居家休闲
AMS投放爆品,背心/吊带,工字复古美背吊带背心女2025新款外穿带胸垫运动打底白色内搭上衣,500.3,小店广告×小店 (100.0%),安芮亲女装,2.74,12.08,3.85,50.96,74.3,ROI表现强，建议优先扩量并复制高转化素材,约会社交
AMS投放爆品,背心/吊带,曼妮芬 · 蕾丝美背百搭女内衣吊带背心内搭26款上新粉彩风美背文胸一体,474.0,ADQ×直播 (100.0%),曼妮芬官方服饰店,2.06,1.74,2.59,18.84,248.9,ROI表现强，建议优先扩量并复制高转化素材,约会社交
AMS投放爆品,背心/吊带,夏季吊带背心女短款上衣无袖一体式带胸垫内衣女内搭外穿打底衫9904#,418.2,小店广告×小店 (100.0%),a是柚子呀i,3.75,7.24,3.04,18.18,60.0,ROI表现强，建议优先扩量并复制高转化素材,约会社交
AMS投放爆品,背心/吊带,2026春夏吊带背心宽松显瘦遮肉百搭凉爽透气内搭运动背心外穿上衣,394.3,小店广告×小店 (100.0%),U家高定服饰,2.0,9.59,4.18,29.68,27.1,ROI表现强，建议优先扩量并复制高转化素材,约会社交
AMS投放爆品,背心/吊带,【专柜品质】百搭洋气工字背心外穿内搭辣妹大码可穿清凉运动T恤,365.6,ADQ×小店 (100.0%),荣泰达贸易,6.18,9.09,3.75,68.6,79.3,ROI表现强，建议优先扩量并复制高转化素材,约会社交
AMS投放爆品,背心/吊带,高定设计显瘦夏季吊带女士免穿内衣外穿性感柔软舒适高弹美背无痕内搭固定杯,363.8,小店广告×小店 (100.0%),蕉艺女装店,4.37,8.25,3.21,46.3,50.5,ROI表现强，建议优先扩量并复制高转化素材,约会社交
AMS投放爆品,背心/吊带,【高级质感】舒适70棉混纺工字背心条纹修身显瘦日常叠穿百搭无袖打底衫,359.4,ADQ×直播 (100.0%),鹿鹿服装工厂店,3.09,7.13,3.49,111.19,40.1,ROI表现强，建议优先扩量并复制高转化素材,约会社交
AMS投放爆品,背心/吊带,带胸垫交叉美背收副乳小吊带背心女内搭2026新款罩杯一体打底内衣辣妹上衣,342.6,小店广告×小店 (100.0%),安芮亲女装,2.01,12.17,3.85,43.67,80.6,ROI表现强，建议优先扩量并复制高转化素材,约会社交
AMS投放爆品,背心/吊带,鹭岛故事黑色深V领宽肩吊带背心女夏季外穿遮副乳打底内搭显瘦上衣潮,336.6,小店广告×小店 (100.0%),鹭岛故事此夏,2.31,10.16,2.85,31.65,61.6,ROI表现强，建议优先扩量并复制高转化素材,约会社交
AMS投放爆品,背心/吊带,夏季新款宽松遮肉显瘦吊带背心凉感双肩带百搭遮肚子外穿内搭背心,334.9,小店广告×小店 (100.0%),潮流高定女装,3.59,11.78,4.13,47.01,34.1,ROI表现强，建议优先扩量并复制高转化素材,约会社交
AMS投放爆品,背心/吊带,WANG ZONE丨豹纹系列亚麻结构感复古时髦侧拉链无袖v领背心,318.8,ADQ×直播 (100.0%),王王王大头OT设计师,6.44,1.96,16.62,35.85,699.9,ROI表现强，建议优先扩量并复制高转化素材,约会社交
AMS投放爆品,背心/吊带,夏季百搭宽松简约慵懒风吊带背心遮肉显瘦凉感透气内搭外穿休闲,303.3,小店广告×小店 (100.0%),U家高定服饰,2.46,11.36,4.17,23.94,26.8,ROI表现强，建议优先扩量并复制高转化素材,居家休闲
AMS投放爆品,背心/吊带,夏季爆款防凸点背心文胸一体中年女妈妈宽松内搭打底女士免穿文胸,287.1,小店广告×小店 (100.0%),凯淘供应链,3.51,6.52,3.17,40.27,42.8,ROI表现强，建议优先扩量并复制高转化素材,约会社交
AMS投放爆品,背心/吊带,大码吊带背心女内搭带胸垫一体免穿文胸美背防走光内衣,287.1,小店广告×小店 (100.0%),摩登商城,3.4,10.83,4.63,49.23,57.3,ROI表现强，建议优先扩量并复制高转化素材,约会社交
AMS投放爆品,背心/吊带,冰丝宽松显瘦吊带背心女打底2026新款夏慵懒风遮副乳西服内搭美背双肩带上衣,255.7,小店广告×小店 (100.0%),漫生活-服饰,1.74,17.9,3.32,30.41,61.2,ROI表现强，建议优先扩量并复制高转化素材,居家休闲
AMS投放爆品,背心/吊带,2026新款春夏季宽松慵懒风纯色吊带背心女士内搭遮肉无袖打底上衣,255.4,小店广告×小店 (100.0%),U家高定服饰,2.26,11.79,4.17,33.52,28.6,ROI表现强，建议优先扩量并复制高转化素材,居家休闲
AMS投放爆品,背心/吊带,富欣娜吊带背心休闲女2026新薄款夏带胸垫一体式内搭外穿优可丝美背上衣,239.7,小店广告×小店 (100.0%),欧俏彩服饰超级工厂,3.26,10.61,2.91,33.17,47.7,ROI表现强，建议优先扩量并复制高转化素材,约会社交
AMS投放爆品,背心/吊带,啄木鸟夏季新款内搭打底吊带背心女一体式带胸垫免穿文胸无钢圈美背女G,226.7,小店广告×小店 (100.0%),晚晚精品服饰店,3.88,7.06,2.6,31.73,79.5,ROI表现强，建议优先扩量并复制高转化素材,约会社交
AMS投放爆品,连衣裙,2026夏季新款韩版胖MM大码POLO领遮肉衬衫连衣裙中长款休闲宽松型,853.0,小店广告×小店 (100.0%),likeloo2,3.68,5.9,6.53,80.0,148.5,ROI表现强，建议优先扩量并复制高转化素材,居家休闲
AMS投放爆品,连衣裙,MARYLING玛俪琳夏季优雅气质无袖V领印花连衣裙A1DBW62210,467.8,小店广告×小店 (94.0%),玛俪琳美童穿搭,3.5,3.8,13.04,45.52,2054.3,ROI表现强，建议优先扩量并复制高转化素材,日常通勤
AMS投放爆品,连衣裙,2026夏季新款韩版胖MM大码POLO领遮肉衬衫连衣裙中长款休闲宽松型,346.7,小店广告×小店 (100.0%),唯唯衣服装,3.79,5.41,6.58,77.78,147.9,ROI表现强，建议优先扩量并复制高转化素材,居家休闲
AMS投放爆品,连衣裙,【棉】LANCY/朗姿2026夏季新款时尚通勤收腰衬衫裙短袖中长连衣裙,311.0,ADQ×直播 (100.0%),朗姿女装旗舰店,2.79,0.98,7.45,40.0,1622.0,ROI表现强，建议优先扩量并复制高转化素材,日常通勤
AMS投放爆品,连衣裙,妈妈夏装宽松连衣裙新款中老年人女装气质宽松遮肉大码洋气长裙子,257.3,小店广告×小店 (100.0%),唯唯衣服装,4.52,3.92,6.32,63.64,138.0,ROI表现强，建议优先扩量并复制高转化素材,日常通勤
AMS投放爆品,连衣裙,浙锦早秋新款【可水洗可机洗】法式抽绳无袖长裙,243.6,小店广告×小店 (100.0%),浙锦ZHEJIN,3.98,3.24,14.39,104.76,2337.1,ROI表现强，建议优先扩量并复制高转化素材,约会社交
AMS投放爆品,连衣裙,Hitti新款运动鱼骨波浪裙网球高尔夫修身收腰交叉美背连衣裙-65,229.1,ADQ×直播 (100.0%),Hitti运动品牌店,0.82,2.81,6.47,74.36,532.0,ROI表现强，建议优先扩量并复制高转化素材,约会社交
AMS投放爆品,连衣裙,美洋MEIYANG 奥菲利亚连衣裙 摇曳生风~莱赛尔解构叠穿主义-周五,225.8,小店广告×小店 (95.1%),美洋女装官方商城,2.72,5.31,10.11,107.92,439.4,ROI表现强，建议优先扩量并复制高转化素材,约会社交
AMS投放爆品,连衣裙,美洋MEIYANG 夜华连衣裙 冰爽弹力螺纹棉|气质女神_收腰V领短袖,224.7,小店广告×小店 (99.3%),美洋女装官方商城,3.24,7.62,10.05,114.53,380.9,ROI表现强，建议优先扩量并复制高转化素材,日常通勤
AMS投放爆品,连衣裙,[粉丝专享]MARYLING玛俪琳高级优雅黑色V领背心长款塔塔连衣裙A1DDW68020,222.9,ADQ×小店 (84.7%),玛俪琳美童穿搭,4.84,0.68,9.1,77.87,1445.0,ROI表现强，建议优先扩量并复制高转化素材,约会社交
AMS投放爆品,连衣裙,LANCY/朗姿2025秋季新款高端半高领羊毛收腰直筒修身气质连衣裙,220.5,ADQ×直播 (100.0%),朗姿女装旗舰店,3.5,1.01,14.41,100.0,2118.9,ROI表现强，建议优先扩量并复制高转化素材,日常通勤
AMS投放爆品,连衣裙,【摩登都市·花苞背心裙】100%桑蚕丝绞罗红云纱彩绘印花连衣裙,211.2,ADQ×直播 (100.0%),南国丝府香云纱-2026上新中,2.01,18.19,13.61,78.57,718.7,ROI表现强，建议优先扩量并复制高转化素材,约会社交
AMS投放爆品,连衣裙,【羊毛蚕丝】LANCY/朗姿2026秋冬季新款翻领通勤气质高端收腰连衣裙,210.2,ADQ×直播 (100.0%),朗姿女装旗舰店,4.31,1.96,22.04,62.5,2026.9,ROI表现强，建议优先扩量并复制高转化素材,日常通勤
AMS投放爆品,连衣裙,A美洋MEIYANG 绿柳连衣裙,202.0,小店广告×小店 (100.0%),美洋MEIYANG甄选,4.03,5.27,10.5,69.55,322.6,ROI表现强，建议优先扩量并复制高转化素材,约会社交
AMS投放爆品,连衣裙,【羊毛蚕丝】LANCY/朗姿新款翻领通勤气质高端收腰连衣裙,197.4,ADQ×直播 (100.0%),朗姿女装旗舰店,4.05,1.87,23.32,84.21,1696.1,ROI表现强，建议优先扩量并复制高转化素材,日常通勤
AMS投放爆品,连衣裙,娜尔思收腰长裙夏季气质时尚女士连衣裙NF11538H2,194.2,小店广告×直播 (100.0%),NAERSI娜尔思旗舰店,3.49,3.09,22.07,92.45,1132.4,ROI表现强，建议优先扩量并复制高转化素材,日常通勤
AMS投放爆品,连衣裙,夏季时尚显瘦气质印花洋气宽松休闲雪纺拼接大码中长款圆领连衣裙,183.7,ADQ×小店 (53.1%),栩宁家居小店,3.73,4.45,3.56,51.17,70.0,ROI表现强，建议优先扩量并复制高转化素材,居家休闲
AMS投放爆品,连衣裙,MARYLING玛俪琳秋季时尚优雅黑红几何印花针梭连衣裙A1DGW62050,183.4,小店广告×小店 (72.2%),玛俪琳美童穿搭,4.05,1.69,11.94,115.35,1640.7,ROI表现强，建议优先扩量并复制高转化素材,约会社交
AMS投放爆品,连衣裙,[粉丝专享]MARYLING玛俪琳性感一字领印花长款连衣裙A1ECW64030,180.5,小店广告×小店 (100.0%),玛俪琳美童穿搭,5.18,6.29,13.31,96.77,1085.0,ROI表现强，建议优先扩量并复制高转化素材,约会社交
AMS投放爆品,连衣裙,LANCY/朗姿2026春季新款通勤气质收腰A字中长高端极简羊毛连衣裙LNHA98WOP207,179.0,ADQ×直播 (100.0%),朗姿LANCY上海万象城,2.28,1.55,11.55,29.41,1701.8,ROI表现强，建议优先扩量并复制高转化素材,日常通勤
AMS投放爆品,连衣裙,满钻连帽宽松短外套8765675,171.0,小店广告×直播 (100.0%),雪儿.欧货名奢,3.19,10.27,9.65,56.9,132.7,ROI表现强，建议优先扩量并复制高转化素材,约会社交
AMS投放爆品,连衣裙,[粉丝专享]MARYLING玛俪琳新品粉黑红千鸟格印花连衣裙A1FAW61770,167.1,小店广告×小店 (89.9%),玛俪琳美童穿搭,2.35,3.02,10.19,68.27,1294.6,ROI表现强，建议优先扩量并复制高转化素材,约会社交
AMS投放爆品,连衣裙,黑白笔触MARYLING玛俪琳水墨线条露肩连衣裙A1BB65240,162.9,小店广告×小店 (100.0%),玛俪琳美童穿搭,4.49,3.66,13.57,95.0,1548.1,ROI表现强，建议优先扩量并复制高转化素材,约会社交
AMS投放爆品,连衣裙,小V领纯色宽松遮肉连衣裙2026年夏季新款薄款中长裙休闲气质裙子,155.8,小店广告×小店 (100.0%),唯唯衣服装,4.19,4.09,6.52,78.12,148.1,ROI表现强，建议优先扩量并复制高转化素材,居家休闲
AMS投放爆品,连衣裙,朗姿/LANCY 夏季新款简约廓形设计感半袖连衣裙气质高级感裙子,151.8,ADQ×直播 (100.0%),朗姿女装旗舰店,2.91,3.98,18.6,51.85,1464.2,ROI表现强，建议优先扩量并复制高转化素材,日常通勤
AMS投放爆品,连衣裙,Hitti新款网球裙美背连衣裙网球高尔夫显瘦百搭绑带裙-016,143.4,ADQ×直播 (100.0%),Hitti运动品牌店,1.13,2.55,4.12,53.33,550.9,ROI表现强，建议优先扩量并复制高转化素材,约会社交
AMS投放爆品,连衣裙,【棉麻】LANCY/朗姿2026夏季款高级感直筒撞色背心吊带短袖连衣裙,133.3,ADQ×直播 (100.0%),朗姿LANCY,5.39,0.93,20.85,100.0,1341.7,ROI表现强，建议优先扩量并复制高转化素材,约会社交
AMS投放爆品,连衣裙,A美洋MEIYANG 芭蕾连衣裙【商场同款】针织拼接莱赛尔无袖短袖-周一,132.6,小店广告×小店 (100.0%),美洋休闲女装,3.99,10.21,10.5,90.7,453.2,ROI表现强，建议优先扩量并复制高转化素材,约会社交
AMS投放爆品,连衣裙,LANCY/朗姿26春季新款醋酸法式连衣裙气质女神显瘦长袖收腰裙子女,132.1,ADQ×直播 (100.0%),朗姿女装旗舰店,2.97,1.18,18.61,42.11,1811.3,ROI表现强，建议优先扩量并复制高转化素材,日常通勤
AMS投放爆品,连衣裙,Hitti新款百褶无袖吊带裙运动休闲显瘦高尔夫网球连衣裙-017,132.0,ADQ×直播 (100.0%),Hitti运动品牌店,1.38,1.66,2.51,63.64,421.7,ROI表现强，建议优先扩量并复制高转化素材,约会社交
AMS投放爆品,衬衫,[优选好物]2026夏季新款花卉印花洋气宽松翻领遮肚短袖小衫,905.1,小店广告×小店 (100.0%),七喜乐服装,4.75,7.78,6.0,77.63,148.0,ROI表现强，建议优先扩量并复制高转化素材,日常通勤
AMS投放爆品,衬衫,洋气新款女士2026春夏高档百搭显瘦七分袖时尚女士衬衫上衣,725.7,小店广告×小店 (100.0%),魅力坊时尚服饰,2.85,5.11,4.32,38.19,90.1,ROI表现强，建议优先扩量并复制高转化素材,日常通勤
AMS投放爆品,衬衫,2026新款七分袖百搭显瘦女士夏季衬衫气质小衫L8865,661.1,小店广告×小店 (100.0%),翰蔓婷时尚服饰,3.16,3.0,3.7,49.13,99.0,ROI表现强，建议优先扩量并复制高转化素材,日常通勤
AMS投放爆品,衬衫,浙锦早秋新款32姆米真丝夏季双面缎重磅阔腿裤 舒适不易皱垂顺显瘦裤子,588.1,ADQ×直播 (100.0%),浙锦ZHEJIN,2.19,2.27,6.5,67.86,1912.1,ROI表现强，建议优先扩量并复制高转化素材,日常通勤
AMS投放爆品,衬衫,2026新款减龄显瘦衬衫时尚洋气条纹长袖打底衫G5884,536.1,小店广告×小店 (100.0%),诗野服饰商行,2.07,4.68,3.76,48.73,89.3,ROI表现强，建议优先扩量并复制高转化素材,日常通勤
AMS投放爆品,衬衫,浙锦新款！重缎复古显瘦通勤衬衫女轻奢风内搭百搭长袖上衣,467.7,小店广告×小店 (59.6%),浙锦ZHEJIN,2.38,4.26,8.91,49.64,1942.2,ROI表现强，建议优先扩量并复制高转化素材,日常通勤
AMS投放爆品,衬衫,夏季新款简约复古设计感时尚小众气质百搭木耳领飞飞袖衬衫HZ099,329.6,小店广告×直播 (100.0%),珍栀HN女装,3.65,6.21,12.27,90.25,128.4,ROI表现强，建议优先扩量并复制高转化素材,日常通勤
AMS投放爆品,衬衫,浙锦新款！30姆米重缎复古显瘦通勤衬衫女轻奢风内搭百搭长袖上衣,310.3,ADQ×小店 (87.4%),浙锦ZHEJIN,6.94,67.79,4.37,8.43,1667.5,ROI表现强，建议优先扩量并复制高转化素材,日常通勤
AMS投放爆品,衬衫,【7SEVEN】天丝醋酸~光泽感 V领气质通勤短袖设计感流光衬衫女0631,293.7,小店广告×小店 (100.0%),张七七-qiqi,4.45,12.93,17.83,69.96,278.8,ROI表现强，建议优先扩量并复制高转化素材,日常通勤
AMS投放爆品,衬衫,知己【简致】秋季新款百搭休闲宽松显瘦帅气通勤中袖衬衫,279.6,小店广告×直播 (100.0%),珊姐520.,3.21,11.95,16.85,64.54,168.3,ROI表现强，建议优先扩量并复制高转化素材,日常通勤
AMS投放爆品,衬衫,2026夏装新款洋气休闲大码女装短袖衬衫上衣时尚透气减龄显瘦小衫,268.5,小店广告×小店 (100.0%),likeloo2,2.96,7.92,6.5,63.28,138.1,ROI表现强，建议优先扩量并复制高转化素材,日常通勤
AMS投放爆品,衬衫,女士新款洋气衬衫七分袖小衫气质减龄显瘦通勤圆领上衣女大码8802,265.7,小店广告×小店 (100.0%),语末服饰店,2.13,7.36,3.06,33.59,89.0,ROI表现强，建议优先扩量并复制高转化素材,日常通勤
AMS投放爆品,衬衫,2026新款洋气七分袖气质衬衫女减龄女士大码小衫151,257.3,小店广告×小店 (100.0%),雅涵衣品服饰商行,2.35,2.83,3.42,33.83,92.6,ROI表现强，建议优先扩量并复制高转化素材,日常通勤
AMS投放爆品,衬衫,【JAKECAVOS杰克卡沃斯】妈妈装夏季开衫大码宽松中老年人阔太太奶奶装休闲衬衫气质上衣,254.6,ADQ×小店 (89.5%),JAKECAVOS杰克卡沃斯企业店,0.87,6.6,2.34,39.23,297.4,ROI稳定，建议稳量+小预算测试新卖点,日常通勤
AMS投放爆品,衬衫,运补5元】韩系夏季新款设计感小众蝙蝠袖宽松圆领衬衫休闲显瘦上衣女,253.7,小店广告×直播 (100.0%),MMJFS,2.77,5.85,5.82,67.96,53.4,ROI表现强，建议优先扩量并复制高转化素材,居家休闲
AMS投放爆品,衬衫,洋气新款女士2026春夏高档百搭显瘦七分袖时尚女士衬衫上衣,245.9,小店广告×小店 (100.0%),云舒中年女装,4.09,3.43,3.99,38.96,89.2,ROI表现强，建议优先扩量并复制高转化素材,日常通勤
AMS投放爆品,衬衫,【南岸漫行（上衣）】夏季新款宽松收腰白色五分袖衬衫女款上衣,231.5,小店广告×小店 (100.0%),MaleMars服饰,3.59,2.99,4.35,59.09,320.5,ROI表现强，建议优先扩量并复制高转化素材,日常通勤
AMS投放爆品,衬衫,[品质推荐]2026春夏新款洋气七分袖上衣气质减龄女士大码衬衫G596,211.1,小店广告×小店 (100.0%),诗野服饰商行,1.82,4.82,3.5,45.71,98.5,ROI表现强，建议优先扩量并复制高转化素材,日常通勤
AMS投放爆品,衬衫,妈妈夏装套装2025新款奶奶装小衫中老年人女夏季上衣老人洋气衬衫,185.5,ADQ×直播 (98.2%),晚年之美,0.87,2.89,2.67,54.77,130.9,ROI表现强，建议优先扩量并复制高转化素材,日常通勤
AMS投放爆品,衬衫,奶奶春夏装七分袖衬衫女中老年人妈妈春季衬衣老太太老人衣服,184.3,ADQ×小店 (100.0%),雨泽中老年女装,1.22,4.59,2.12,19.57,118.9,ROI稳定，建议稳量+小预算测试新卖点,日常通勤
AMS投放爆品,衬衫,秦磊女装  C L.蓝牛 定制猫须直筒阔腿牛仔裤 XM-XNZ2319,180.8,ADQ×直播 (100.0%),秦磊-楚楚,2.48,2.73,3.77,21.21,289.5,ROI表现强，建议优先扩量并复制高转化素材,日常通勤
AMS投放爆品,衬衫,中老年妈妈夏季新中式中袖翻领印花衬衫舒适透气时尚新款减龄小衫,158.9,ADQ×小店 (100.0%),千响服装宏微,2.03,6.57,3.46,60.87,83.7,ROI表现强，建议优先扩量并复制高转化素材,日常通勤
AMS投放爆品,衬衫,MOCO衬衫秋新品苏格兰格纹流苏毛边宽松厚实棉质MBD3SHT026,146.0,小店广告×直播 (100.0%),MO&Co.上海店,4.39,2.66,20.67,68.09,899.3,ROI表现强，建议优先扩量并复制高转化素材,日常通勤
AMS投放爆品,衬衫,【7SEVEN】100苎麻~矢车菊蓝 翻领系带收腰设计舒适质感衬衫女0675,144.5,小店广告×小店 (100.0%),张七七-qiqi,4.85,11.04,18.69,57.85,312.5,ROI表现强，建议优先扩量并复制高转化素材,日常通勤
AMS投放爆品,衬衫,美洋MEIYANG 釉上彩亚麻衬衫 色彩艺术家雨露麻莱赛尔-A0662周五,142.8,小店广告×小店 (100.0%),美洋女装官方商城,3.69,7.48,10.0,102.5,500.0,ROI表现强，建议优先扩量并复制高转化素材,日常通勤
AMS投放爆品,衬衫,2026新款苎麻彩色纽扣无袖立领衬衫时尚显瘦百搭上衣百搭超好看,132.1,小店广告×直播 (100.0%),MMJFS,3.79,5.42,6.69,88.21,63.5,ROI表现强，建议优先扩量并复制高转化素材,日常通勤
AMS投放爆品,衬衫,2026春季新款洋气衬衫七分袖小衫气质减龄圆领上衣女士大码8802,130.9,小店广告×小店 (100.0%),初晓微芒5,2.13,2.7,3.3,50.75,90.3,ROI表现强，建议优先扩量并复制高转化素材,日常通勤
AMS投放爆品,衬衫,妈妈夏装套装2025新款奶奶装小衫中老年人女夏季上衣老人洋气衬衫,123.8,ADQ×小店 (100.0%),雨泽中老年女装,0.92,4.78,2.6,48.48,136.8,ROI表现强，建议优先扩量并复制高转化素材,日常通勤
AMS投放爆品,衬衫,2026新款洋气气质减龄七分袖雪纺衬衫中年妈妈装女士,121.4,小店广告×小店 (100.0%),金珊女服装小姐姐,2.97,4.58,4.45,18.82,89.0,ROI表现强，建议优先扩量并复制高转化素材,日常通勤
AMS投放爆品,衬衫,2026春夏新款洋气减龄七分袖翻领套头衬衫女士气质显瘦小衫8820,117.0,小店广告×小店 (100.0%),世杰服饰商贸,3.38,2.75,3.5,53.23,92.5,ROI表现强，建议优先扩量并复制高转化素材,日常通勤
AMS投放爆品,牛仔裤,拉夏贝尔早秋薄款蚕丝丹宁蓝牛仔裤女款爆款2026新款直筒裤子阔腿,1269.8,ADQ×小店 (100.0%),拉夏品质服饰,1.97,9.16,5.39,32.38,160.7,ROI表现强，建议优先扩量并复制高转化素材,日常通勤
AMS投放爆品,牛仔裤,中老年人妈妈牛仔裤女春秋款宽松直筒高腰弹力松紧腰春季绣花,568.5,小店广告×小店 (100.0%),明明服装爱分享,1.65,4.39,3.99,17.51,80.6,ROI表现强，建议优先扩量并复制高转化素材,居家休闲
AMS投放爆品,牛仔裤,美洋MEIYANG 纸飞机三号牛仔裤【商场同款】褪棉半松紧A0665周三,497.1,小店广告×小店 (100.0%),美洋女装官方商城,3.49,8.32,10.0,52.94,584.8,ROI表现强，建议优先扩量并复制高转化素材,日常通勤
AMS投放爆品,牛仔裤,郑小亮可调节腰辣妹破洞阔腿牛仔裤女早秋宽松设计感复古百搭时尚,404.0,ADQ×直播 (100.0%),郑小亮定制-杨嘻嘻,1.06,4.88,1.41,13.75,100.0,ROI偏弱，建议优化定价与落地页转化链路,居家休闲
AMS投放爆品,牛仔裤,2026夏季薄款直筒八分牛仔裤女新款大码宽松高腰休闲九分阔腿裤,364.3,小店广告×小店 (100.0%),姚妈妈原创女装,4.27,9.15,6.93,54.18,59.1,ROI表现强，建议优先扩量并复制高转化素材,居家休闲
AMS投放爆品,牛仔裤,春季刺绣水洗四季通用长裤牛仔裤显瘦修身弹力小脚裤潮流欧货上新,328.4,小店广告×小店 (100.0%),ZZ轻奢原创男装,1.85,6.17,3.73,42.19,268.0,ROI表现强，建议优先扩量并复制高转化素材,日常通勤
AMS投放爆品,牛仔裤,【进口牛仔面料】Miss Sixty新款牛仔裤女喇叭裤广角裤,292.2,小店广告×直播 (100.0%),MissSixty服饰,5.44,1.89,13.24,80.49,1320.6,ROI表现强，建议优先扩量并复制高转化素材,日常通勤
AMS投放爆品,牛仔裤,DEEP BREATH深呼吸女装 意大利轻奢牛仔棉高腰直筒松弛感牛仔裤A100448-A100871,291.4,小店广告×小店 (100.0%),深呼吸品牌官方店,4.81,10.3,14.03,41.18,336.6,ROI表现强，建议优先扩量并复制高转化素材,日常通勤
AMS投放爆品,牛仔裤,美洋MEIYANG T台牛仔裤【欧若风】 丹宁360弹力八九分裤【大50】U,241.9,小店广告×小店 (100.0%),美洋休闲女装,3.69,7.25,10.5,68.89,395.2,ROI表现强，建议优先扩量并复制高转化素材,日常通勤
AMS投放爆品,牛仔裤,中老年人妈妈牛仔裤女春秋款宽松直筒高腰弹力松紧腰春季绣花,214.1,小店广告×小店 (100.0%),谢谢服装爱分享,2.46,3.23,3.99,25.5,80.3,ROI表现强，建议优先扩量并复制高转化素材,居家休闲
AMS投放爆品,牛仔裤,Miss Sixty2026秋季新款牛仔裤女复古做旧猫须磨破高腰修身喇叭裤,211.7,小店广告×直播 (100.0%),MissSixty服饰,4.06,7.91,14.99,65.91,1009.6,ROI表现强，建议优先扩量并复制高转化素材,日常通勤
AMS投放爆品,牛仔裤,拉夏贝尔早秋薄款蚕丝丹宁蓝牛仔裤女款爆款2026新款直筒裤子阔腿,204.8,ADQ×小店 (96.2%),拉夏贝尔品质女装,2.07,8.38,5.47,26.83,159.0,ROI表现强，建议优先扩量并复制高转化素材,日常通勤
AMS投放爆品,牛仔裤,牛仔短裤女夏季薄款百搭复古刺绣大码女士短裤胖mm显瘦阔腿直筒五分裤,178.4,小店广告×小店 (100.0%),姚妈妈原创女装,1.79,17.04,6.26,75.96,50.1,ROI表现强，建议优先扩量并复制高转化素材,换季焕新
AMS投放爆品,牛仔裤,THESOONG|法式时装夏季薄款洗水高弹柔软中腰阔腿牛仔裤HBNZ6582,176.4,小店广告×小店 (100.0%),得宋品牌店,4.03,5.22,7.9,76.47,382.6,ROI表现强，建议优先扩量并复制高转化素材,换季焕新
AMS投放爆品,牛仔裤,2026夏季薄款复古印花松紧腰牛仔七分裤女新款大码宽松显瘦减龄直筒阔腿裤,171.4,小店广告×小店 (100.0%),姚妈妈原创女装,4.6,8.13,6.15,72.11,58.8,ROI表现强，建议优先扩量并复制高转化素材,居家休闲
AMS投放爆品,牛仔裤,美洋MEIYANG T台牛仔裤【欧若风】 丹宁360弹力八九分裤【大50】U,158.7,小店广告×小店 (100.0%),美洋MEIYANG,2.71,7.63,10.5,78.12,364.6,ROI表现强，建议优先扩量并复制高转化素材,日常通勤
AMS投放爆品,牛仔裤,【秦岚同款C+系列】MOCO牛仔裤中低腰弯刀裤MBE3JEN022,136.2,小店广告×直播 (100.0%),MO&Co.官方,4.01,2.64,19.09,121.43,866.5,ROI表现强，建议优先扩量并复制高转化素材,日常通勤
AMS投放爆品,牛仔裤,MOCO休闲裤秋新品立褶剪裁时装运动风高腰阔腿裤MBE3PAT001,124.4,小店广告×直播 (100.0%),MO&Co.,4.68,4.56,22.28,61.22,792.2,ROI表现强，建议优先扩量并复制高转化素材,居家休闲
AMS投放爆品,牛仔裤,【7SEVEN】高重磅棉~舒适软牛仔 微喇九分裤设计款百搭神器4095,121.2,小店广告×小店 (100.0%),张七七-qiqi,4.25,12.77,19.25,59.29,289.1,ROI表现强，建议优先扩量并复制高转化素材,居家休闲
AMS投放爆品,牛仔裤,A美洋MEIYANG 减磅三号薄牛仔【欧若风】 弹力凉感八九分【50系列】,120.2,小店广告×小店 (100.0%),美洋女装穿搭,6.05,8.42,10.14,50.0,370.9,ROI表现强，建议优先扩量并复制高转化素材,日常通勤
AMS投放爆品,牛仔裤,逸阳立体弯牛仔裤女26春新款松弛显瘦全棉垂顺舒适透气时尚百搭,118.2,小店广告×小店 (100.0%),逸阳企业店,7.26,5.06,15.0,71.7,234.2,ROI表现强，建议优先扩量并复制高转化素材,居家休闲
AMS投放爆品,牛仔裤,夏季薄款直筒八分牛仔裤女2026新款大码宽松高腰休闲九分阔腿裤,111.5,小店广告×小店 (100.0%),姚妈妈原创女装,2.92,8.22,7.0,88.17,58.8,ROI表现强，建议优先扩量并复制高转化素材,居家休闲
AMS投放爆品,牛仔裤,MOCO阔腿裤抽绳高腰设计感宽直筒及地长裤MBE3PAT002,111.0,小店广告×直播 (100.0%),MO&Co.,3.4,1.59,17.76,92.11,726.0,ROI表现强，建议优先扩量并复制高转化素材,日常通勤
AMS投放爆品,牛仔裤,DEEP BREATH深呼吸女装 简约高腰直筒裤休闲牛仔裤A100822-A100823,109.6,小店广告×小店 (100.0%),深呼吸品牌官方店,2.93,10.12,12.01,41.67,307.1,ROI表现强，建议优先扩量并复制高转化素材,日常通勤
AMS投放爆品,牛仔裤,夏季薄款文艺复古松紧腰牛仔阔腿裤女大码显瘦宽松直筒九分休闲裤,108.0,小店广告×小店 (100.0%),姚妈妈原创女装,2.68,9.13,7.0,93.33,58.8,ROI表现强，建议优先扩量并复制高转化素材,居家休闲
AMS投放爆品,牛仔裤,夏季薄款牛仔短裤女百搭复古刺绣大码女士短裤胖mm显瘦阔腿直筒五分裤,106.1,小店广告×小店 (100.0%),姚妈妈原创女装,3.92,11.09,6.68,101.01,49.8,ROI表现强，建议优先扩量并复制高转化素材,换季焕新
AMS投放爆品,牛仔裤,【星星专属】宽松复古百搭时尚显瘦休闲阔腿牛仔裤KZ2618,105.1,小店广告×小店 (78.9%),星星不会穿,3.53,8.49,16.01,40.78,245.2,ROI表现强，建议优先扩量并复制高转化素材,居家休闲
AMS投放爆品,牛仔裤,Miss Sixty2026秋季新款牛仔裤女中腰提臀修身做旧猫须磨破喇叭裤,102.1,小店广告×直播 (100.0%),MissSixty服饰,3.13,9.35,12.13,107.69,1333.9,ROI表现强，建议优先扩量并复制高转化素材,日常通勤
AMS投放爆品,牛仔裤,拉夏贝尔窄版牛仔裤裤子女款早秋2026新款爆款大码显瘦直筒裤,101.7,ADQ×直播 (70.2%),拉夏贝尔品质女装,2.11,19.25,5.52,32.85,160.5,ROI表现强，建议优先扩量并复制高转化素材,日常通勤
AMS投放爆品,牛仔裤,MOCO上衣轻薄网纱数码印花格纹正肩捏褶收腰MBE3TOP003,101.0,小店广告×直播 (100.0%),MO&Co.官方,3.95,2.22,22.05,47.83,1355.1,ROI表现强，建议优先扩量并复制高转化素材,户外出游
AMS投放爆品,羽绒服,雅鹿中长款红色羽绒服2026新款反季保暖加厚款90绒洋气百搭外套女,4589.0,ADQ×直播 (80.4%),雅鹿羽绒服专家,2.62,3.65,10.33,49.6,299.6,ROI表现强，建议优先扩量并复制高转化素材,换季焕新
AMS投放爆品,羽绒服,【雅鹿专版】红色短款羽绒服2026反季加厚90绒时尚洋气百搭保暖外套,1723.0,ADQ×直播 (86.5%),雅鹿奥莱店,3.61,2.81,6.97,48.86,299.9,ROI表现强，建议优先扩量并复制高转化素材,换季焕新
AMS投放爆品,羽绒服,艾莱依新款鹅绒服可脱卸U型枕长款羽绒服加厚连帽保暖外套1295,612.1,小店广告×直播 (100.0%),艾莱依官方旗舰店,1.8,1.3,10.32,65.31,601.7,ROI表现强，建议优先扩量并复制高转化素材,换季焕新
AMS投放爆品,羽绒服,雅鹿红色短款羽绒服2026冬季保暖加厚款90绒时尚洋气过年新款外套,255.3,小店广告×直播 (100.0%),雅鹿官方自营店,3.0,3.71,12.64,53.64,299.1,ROI表现强，建议优先扩量并复制高转化素材,换季焕新
AMS投放爆品,羽绒服,雅鹿官方旗舰中长款羽绒服女款2026专柜同款爆款外套女,171.8,小店广告×直播 (100.0%),雅鹿女装专卖店,3.48,1.77,13.5,53.64,295.2,ROI表现强，建议优先扩量并复制高转化素材,换季焕新
AMS投放爆品,羽绒服,雅鹿2026年秋冬新款女士高级洋气廓形连帽中长款过膝羽绒服中长款外套女,171.5,小店广告×直播 (100.0%),雅鹿女装专卖店,3.53,1.57,13.51,81.82,294.9,ROI表现强，建议优先扩量并复制高转化素材,换季焕新
AMS投放爆品,羽绒服,YAYA/鸭鸭【轻壳系列】26年春季显瘦款式百搭宽松羽绒服外套,109.4,小店广告×直播 (94.5%),鸭鸭灵链服饰店,2.53,3.73,11.11,61.13,179.2,ROI表现强，建议优先扩量并复制高转化素材,居家休闲
AMS投放爆品,羽绒服,YAYA新款女士90绒宽松休闲简约百搭保暖厚款连帽外套YE6B600072H,107.4,小店广告×直播 (100.0%),鸭鸭知夏羽绒服专卖店,3.36,2.08,9.49,66.04,269.2,ROI表现强，建议优先扩量并复制高转化素材,居家休闲
AMS投放爆品,羽绒服,蕉下【26秋冬上新 直播专享】女士宽松长袖T恤CT023,100.3,小店广告×直播 (100.0%),蕉下Beneunder,2.54,6.27,7.47,40.0,110.4,ROI表现强，建议优先扩量并复制高转化素材,居家休闲
AMS投放爆品,羽绒服,艾莱依时装羽绒服26新款高光90绒女罗纹拼接收腰翻领羽绒大衣1095,99.6,小店广告×直播 (100.0%),艾莱依官方旗舰店,1.91,1.13,11.45,34.62,614.4,ROI表现强，建议优先扩量并复制高转化素材,日常通勤
AMS投放爆品,羽绒服,鸭鸭轻壳系列2026年新款男女同款洋气百搭外套羽绒服,94.5,小店广告×小店 (100.0%),鸭鸭灵链服饰店,2.25,3.3,12.5,56.06,250.7,ROI表现强，建议优先扩量并复制高转化素材,换季焕新
AMS投放爆品,羽绒服,米莱Jiaer/冬季新款时尚中长款连帽羽绒服A618,77.2,ADQ×小店 (100.0%),米莱佳儿女装,15.66,0.0,0.0,0.0,0.0,ROI偏弱，建议优化定价与落地页转化链路,日常通勤
AMS投放爆品,羽绒服,蕉下【26春夏上新 】女士凉感防晒衣（宽松款）AL417,70.7,小店广告×直播 (100.0%),蕉下Beneunder,2.93,3.93,8.27,65.91,186.2,ROI表现强，建议优先扩量并复制高转化素材,居家休闲
AMS投放爆品,羽绒服,艾莱依冬季新款气质收腰长款羽绒服时尚百搭加厚保暖外套1293,43.4,小店广告×直播 (100.0%),艾莱依官方旗舰店,2.38,1.56,10.83,72.73,599.0,ROI表现强，建议优先扩量并复制高转化素材,日常通勤
AMS投放爆品,羽绒服,艾莱依时装26新款鹅绒女短款时尚简约风衣式羽绒外套3016,42.8,小店广告×直播 (100.0%),艾莱依服饰旗舰店,3.75,0.61,12.06,180.0,1447.0,ROI表现强，建议优先扩量并复制高转化素材,日常通勤
AMS投放爆品,羽绒服,【雅鹿专版】红色短款羽绒服2026反季加厚90绒时尚洋气百搭保暖外套,42.1,ADQ×小店 (100.0%),雅鹿羽绒服专家,7.09,3.95,14.44,41.94,274.5,ROI表现强，建议优先扩量并复制高转化素材,换季焕新
AMS投放爆品,羽绒服,艾莱依时装26新款鹅绒女时尚质感立领风衣式羽绒外套1024,36.6,小店广告×直播 (85.5%),艾莱依服饰旗舰店,3.76,1.7,15.19,21.36,1559.5,ROI表现强，建议优先扩量并复制高转化素材,换季焕新
AMS投放爆品,羽绒服,雅鹿红色羽绒服女款2026反季新款时尚百搭加厚款90白鸭绒休闲外套,30.0,小店广告×小店 (100.0%),雅鹿隆暖羽绒服,3.27,4.39,7.26,40.0,305.0,ROI表现强，建议优先扩量并复制高转化素材,居家休闲
AMS投放爆品,羽绒服,【余书】长款皮衣菱格大衣羽绒服外套Y304258,27.3,小店广告×小店 (100.0%),余书samantha,0.0,0.0,29.9,0.0,1270.6,ROI表现强，建议优先扩量并复制高转化素材,换季焕新
AMS投放爆品,羽绒服,冰川堡垒2.0雅鹿米色羽绒服中长款时尚情侣保暖26新款90鸭绒外套,27.1,小店广告×小店 (100.0%),雅鹿女装专卖店,7.51,3.9,16.01,52.94,357.8,ROI表现强，建议优先扩量并复制高转化素材,换季焕新
AMS投放爆品,羽绒服,YAYA新款女士90绒宽松休闲简约百搭保暖厚款连帽外套YE6B600072H,23.6,小店广告×小店 (100.0%),YAYA鸭鸭知夏专卖店,2.53,7.1,8.91,63.64,267.2,ROI表现强，建议优先扩量并复制高转化素材,居家休闲
AMS投放爆品,羽绒服,艾莱依时装26新款鹅绒中长款大气高级廓形风衣式羽绒1021,23.4,小店广告×直播 (80.2%),艾莱依服饰旗舰店,4.61,0.6,18.24,26.74,1510.2,ROI表现强，建议优先扩量并复制高转化素材,日常通勤
AMS投放爆品,羽绒服,杜屁屁桃 原创【莹雪流光】秋冬女甜美流苏披肩纯色羽绒服套装,19.4,小店广告×小店 (100.0%),0,1.16,6.9,3.08,100.0,419.1,ROI表现强，建议优先扩量并复制高转化素材,约会社交
AMS投放爆品,羽绒服,V/雅鹿2026[热卖爆款]新款羽绒服休闲加厚保暖短款百搭潮流时尚秋冬季修身立领0950,12.3,小店广告×小店 (100.0%),雅鹿女装羽绒服,5.9,8.52,26.55,52.17,198.1,ROI表现强，建议优先扩量并复制高转化素材,居家休闲
AMS投放爆品,羽绒服,wooye勿野 山系踏青季多巴胺90白鸭绒羽绒服轻便连帽羽绒外套内胆YRD4,11.9,小店广告×小店 (100.0%),wooye勿野,4.41,2.78,5.0,0.0,209.0,ROI表现强，建议优先扩量并复制高转化素材,换季焕新
AMS投放爆品,羽绒服,【多巴胺色系】春秋季男女同款美式宽松冲锋户外潮流外套极限户外7870,8.5,小店广告×直播 (100.0%),崔万志,1.56,2.75,7.82,38.46,71.9,ROI表现强，建议优先扩量并复制高转化素材,居家休闲
AMS投放爆品,羽绒服,杜屁屁桃PITAO 原创【富贵闲人】拼接花色时尚秋冬季90白鸭绒羽绒服,6.4,小店广告×小店 (100.0%),0,2.29,5.56,6.58,0.0,592.1,ROI表现强，建议优先扩量并复制高转化素材,换季焕新
AMS投放爆品,羽绒服,艾莱依时装26新款鹅绒中长款风衣翻领拼接羽绒长大衣1051,6.4,小店广告×直播 (100.0%),艾莱依服饰旗舰店,3.71,0.23,16.54,0.0,1489.0,ROI表现强，建议优先扩量并复制高转化素材,日常通勤
AMS投放爆品,羽绒服,雅鹿90白鸭绒轻薄款羽绒马甲2026反季新款保暖羽绒内搭外穿上衣女,5.8,小店广告×小店 (100.0%),雅鹿隆暖羽绒服,5.22,3.08,5.61,50.0,229.0,ROI表现强，建议优先扩量并复制高转化素材,户外出游
AMS投放爆品,羽绒服,艾莱依时装26新款女秋冬鹅绒翻领可脱卸毛领羽绒大衣1072,5.4,小店广告×小店 (100.0%),艾莱依服饰旗舰店,2.64,4.55,19.85,100.0,1489.0,ROI表现强，建议优先扩量并复制高转化素材,换季焕新
AMS投放爆品,Polo衫,新中式短袖t恤女夏2026新款气质减龄妈妈polo衫冰丝百搭翻领上衣,538.2,小店广告×小店 (100.0%),亿TL系列,3.86,3.13,5.0,35.71,99.7,ROI表现强，建议优先扩量并复制高转化素材,日常通勤
AMS投放爆品,Polo衫,高品质高档国风妈妈短袖t恤女夏翻领洋气冰丝上衣减龄运动polo衫,527.4,小店广告×小店 (100.0%),WX高品质女装,2.74,4.22,5.0,28.84,99.5,ROI表现强，建议优先扩量并复制高转化素材,日常通勤
AMS投放爆品,Polo衫,时尚百搭纯棉T恤女新款翻领字母气质潮流休闲宽松气质显瘦上衣,353.8,小店广告×小店 (100.0%),涵宁服饰,3.88,6.07,4.77,25.57,41.4,ROI表现强，建议优先扩量并复制高转化素材,居家休闲
AMS投放爆品,Polo衫,高品质品牌翻领短袖T恤女夏2026新款纯棉减龄显瘦百搭半袖上衣,350.3,小店广告×小店 (100.0%),WX高品质女装,1.83,1.72,5.0,40.49,99.3,ROI表现强，建议优先扩量并复制高转化素材,日常通勤
AMS投放爆品,Polo衫,高品质冰丝短袖t恤女夏装气质妈妈polo衫宽松显瘦大码上衣绣花翻领,344.0,小店广告×小店 (100.0%),WX高品质女装,6.09,3.85,5.0,49.59,99.5,ROI表现强，建议优先扩量并复制高转化素材,日常通勤
AMS投放爆品,Polo衫,ELLE Active[店播专用]时尚撞色短袖针织衫女翻领polo衫t恤老钱风休闲上衣,275.8,小店广告×小店 (100.0%),ELLEActive官方旗舰店,4.49,7.81,10.0,61.29,249.1,ROI表现强，建议优先扩量并复制高转化素材,居家休闲
AMS投放爆品,Polo衫,高品质2026新款POLO衫纯棉短袖T恤女夏季中年妈妈洋气减龄翻领上衣,272.4,小店广告×小店 (100.0%),WX高品质女装,2.91,2.53,5.0,48.44,99.3,ROI表现强，建议优先扩量并复制高转化素材,换季焕新
AMS投放爆品,Polo衫,高端品牌女短袖t恤2026女装夏季新款polo衫冰丝棉衣服上衣,269.4,小店广告×小店 (100.0%),WX高品质女装,6.03,4.23,5.0,38.1,99.8,ROI表现强，建议优先扩量并复制高转化素材,换季焕新
AMS投放爆品,Polo衫,高端polo衫短袖女士t恤夏季时尚翻领印花体恤薄款中年妈妈洋气大码上衣,255.2,小店广告×小店 (100.0%),Da高品质女装,6.01,4.08,5.0,66.48,99.8,ROI表现强，建议优先扩量并复制高转化素材,换季焕新
AMS投放爆品,Polo衫,高端品牌短袖t恤女夏季新款洋气中年翻领上衣服妈妈休闲polo衫,233.5,小店广告×小店 (100.0%),亿TL系列,6.44,4.01,5.0,30.49,99.7,ROI表现强，建议优先扩量并复制高转化素材,居家休闲
AMS投放爆品,Polo衫,【挺括有型200支】霞湖世家 超高支棉男女液氨丝光翻领POLO衫短袖,228.1,小店广告×小店 (100.0%),霞湖世家运动,4.92,5.0,13.98,27.27,289.9,ROI表现强，建议优先扩量并复制高转化素材,日常通勤
AMS投放爆品,Polo衫,夏季2026新款亮色中年女士短袖t恤polo衫女冰丝上衣时尚品牌有领小个子夏天微胖显瘦翻领精致百搭减龄气质宽松体恤薄款,227.8,小店广告×小店 (100.0%),WX高品质女装,3.89,5.72,5.0,29.81,99.1,ROI表现强，建议优先扩量并复制高转化素材,日常通勤
AMS投放爆品,Polo衫,高品质印花设计感上衣2026妈妈polo衫短袖t恤女翻领运动衫真好看,207.5,小店广告×小店 (100.0%),WX高品质女装,1.16,1.26,5.0,43.15,99.5,ROI表现强，建议优先扩量并复制高转化素材,日常通勤
AMS投放爆品,Polo衫,高端名牌冰丝短袖t恤女夏季新款中年女装运动上衣翻领妈妈夏装POLO衫,203.9,小店广告×小店 (100.0%),亿TL系列,6.41,2.92,5.0,40.97,99.1,ROI表现强，建议优先扩量并复制高转化素材,换季焕新
AMS投放爆品,Polo衫,冰丝短袖t恤女夏装2026新款妈妈减龄polo衫百搭显瘦上衣翻领,196.0,小店广告×小店 (100.0%),Da高品质女装,3.37,1.94,5.0,47.83,99.4,ROI表现强，建议优先扩量并复制高转化素材,日常通勤
AMS投放爆品,Polo衫,高端短袖t恤女士纯棉气质翻领POLO衫2026夏季时尚休闲上衣服,177.8,小店广告×小店 (100.0%),亿TL系列,4.96,3.27,5.0,55.2,99.6,ROI表现强，建议优先扩量并复制高转化素材,日常通勤
AMS投放爆品,Polo衫,女士夏季短袖刺绣翻领POLO衫时尚妈妈撞色拼接领口T恤上衣服,163.9,小店广告×小店 (100.0%),悠依橱中老年品牌服饰,2.57,3.95,5.65,45.74,138.0,ROI表现强，建议优先扩量并复制高转化素材,换季焕新
AMS投放爆品,Polo衫,高品质夏季速干POLO领透气短袖T恤女时尚休闲体恤衫薄款妈妈运动上衣服,143.8,小店广告×小店 (100.0%),WX高品质女装,6.89,3.66,5.0,69.89,108.2,ROI表现强，建议优先扩量并复制高转化素材,居家休闲
AMS投放爆品,Polo衫,高端纯棉短袖t恤女夏季2026年新款减龄气质翻领polo衫大码绣花上衣服,134.6,小店广告×小店 (100.0%),亿TL系列,4.3,4.72,5.0,37.89,99.2,ROI表现强，建议优先扩量并复制高转化素材,日常通勤
AMS投放爆品,Polo衫,夏季短袖条纹T恤女士polo领上衣百搭休闲经典穿搭洋气小衫,107.8,小店广告×小店 (100.0%),肥妮女装,3.5,5.0,4.51,25.22,20.0,ROI表现强，建议优先扩量并复制高转化素材,居家休闲
AMS投放爆品,Polo衫,高端品牌时尚印花气质翻领短袖T恤女夏季2026新款纯棉半袖薄款女士上衣,100.8,小店广告×小店 (100.0%),亿TL系列,2.73,2.97,5.0,38.03,99.4,ROI表现强，建议优先扩量并复制高转化素材,日常通勤
AMS投放爆品,Polo衫,高品质翻领短袖t恤女夏装气质妈妈polo衫宽松显瘦大码上衣复古减龄,93.8,小店广告×小店 (100.0%),WX高品质女装,4.9,4.67,5.0,42.42,99.5,ROI表现强，建议优先扩量并复制高转化素材,日常通勤
AMS投放爆品,Polo衫,高档女士短袖t恤女夏季2026新款品牌时尚刺绣polo衫减龄百搭中年上衣,89.2,小店广告×小店 (100.0%),亿TL系列,5.69,5.27,5.0,60.32,99.2,ROI表现强，建议优先扩量并复制高转化素材,换季焕新
AMS投放爆品,Polo衫,高端品牌休闲时尚翻领刺绣设计感上衣短袖T恤女夏洋气新款2026妈妈装体恤,88.2,小店广告×小店 (100.0%),亿TL系列,5.54,4.69,5.0,59.68,99.6,ROI表现强，建议优先扩量并复制高转化素材,居家休闲
AMS投放爆品,Polo衫,夏天短袖t恤女2026新款今年流行的女士polo小衫洋气减龄上衣夏装,85.1,小店广告×小店 (100.0%),Da高品质女装,5.55,2.27,5.0,46.67,99.3,ROI表现强，建议优先扩量并复制高转化素材,日常通勤
AMS投放爆品,Polo衫,高品质纯色简约风运动休闲Polo衫女夏装短袖t恤2026夏季百搭透气体恤衫,81.0,小店广告×小店 (100.0%),亿TL系列,4.14,2.4,5.0,29.82,99.5,ROI表现强，建议优先扩量并复制高转化素材,日常通勤
AMS投放爆品,Polo衫,小乖逃X双色蓝色条纹粉色条纹T恤灰色领子咖色领繁花上衣 S25405,80.9,小店广告×直播 (100.0%),深圳南油西西高端定制-小乖逃,2.82,7.19,9.95,14.63,274.9,ROI表现强，建议优先扩量并复制高转化素材,日常通勤
AMS投放爆品,Polo衫,高品质短袖t恤女士纯棉气质翻领POLO衫2026夏季时尚休闲上衣服,73.5,小店广告×小店 (100.0%),WX高品质女装,5.65,2.61,5.0,50.0,99.0,ROI表现强，建议优先扩量并复制高转化素材,日常通勤
AMS投放爆品,Polo衫,纯棉Polo领T恤女2026夏季新款宽松显瘦遮肚薄款短袖polo衫上衣8553,70.5,小店广告×小店 (100.0%),顺利6727,4.93,7.23,6.76,64.0,89.0,ROI表现强，建议优先扩量并复制高转化素材,居家休闲
AMS投放爆品,Polo衫,[高品质]品牌短袖t恤女士2026夏季新款翻领polo衫时尚百搭上衣服,66.5,小店广告×小店 (100.0%),Da高品质女装,3.73,1.99,5.0,76.6,99.0,ROI表现强，建议优先扩量并复制高转化素材,换季焕新
AMS投放爆品,中式女装/新中式女装,中老年女装套装妈妈装新中式国风七分袖碎花两件套洋气宽松套头款,489.2,小店广告×小店 (100.0%),顺意妈妈服饰,3.79,5.83,4.6,48.1,150.2,ROI表现强，建议优先扩量并复制高转化素材,居家休闲
AMS投放爆品,中式女装/新中式女装,时尚新中式国风短袖印花衬衫女2026夏季新款洋气显瘦盘扣百搭上衣,352.0,小店广告×小店 (100.0%),魅米凰女装工厂,5.94,3.26,5.25,49.41,60.9,ROI表现强，建议优先扩量并复制高转化素材,日常通勤
AMS投放爆品,中式女装/新中式女装,【兰花绣珠·红云纱绞罗】100%桑蚕丝30姆米重工娃娃衫上衣·81263887,305.3,ADQ×直播 (100.0%),南国丝府香云纱2号店,3.28,28.5,54.21,75.0,658.3,ROI表现强，建议优先扩量并复制高转化素材,日常通勤
AMS投放爆品,中式女装/新中式女装,新疆精梳棉新中式短袖T恤百搭轻奢高级女装亲肤透气正肩精致小衫,248.3,小店广告×小店 (74.0%),轩凌子服装,1.48,5.87,5.84,57.65,80.2,ROI表现强，建议优先扩量并复制高转化素材,户外出游
AMS投放爆品,中式女装/新中式女装,（粉梦蝶）新中式粉底绿蝴蝶减龄显白圆领斜襟夏季无袖上衣62412,238.0,ADQ×直播 (100.0%),香夫人新中式女装,2.79,2.54,12.34,115.25,697.1,ROI表现强，建议优先扩量并复制高转化素材,换季焕新
AMS投放爆品,中式女装/新中式女装,新中式短袖t恤女夏季2026新款爆款流行时尚潮牌女装中年女士夏装薄,236.5,小店广告×小店 (100.0%),WX高品质女装,4.93,4.25,5.0,35.53,108.9,ROI表现强，建议优先扩量并复制高转化素材,换季焕新
AMS投放爆品,中式女装/新中式女装,【商场同款】LANCY/朗姿2026夏新款蚕丝优雅A字假两件立体提花短袖中长连衣裙,213.2,ADQ×直播 (100.0%),朗姿LANCY,1.93,1.48,13.51,46.15,1551.0,ROI表现强，建议优先扩量并复制高转化素材,约会社交
AMS投放爆品,中式女装/新中式女装,（隐荷）复古黑缎墨荷暗纹新中式收腰显瘦斜襟无袖上衣62681,212.6,ADQ×直播 (100.0%),香夫人新中式女装,3.9,24.93,43.99,50.43,375.2,ROI表现强，建议优先扩量并复制高转化素材,日常通勤
AMS投放爆品,中式女装/新中式女装,【摩登都市·花苞背心裙】100%桑蚕丝绞罗红云纱彩绘印花连衣裙,200.2,ADQ×直播 (100.0%),南国丝府香云纱-2026上新中,2.69,19.64,11.62,64.91,571.3,ROI表现强，建议优先扩量并复制高转化素材,约会社交
AMS投放爆品,中式女装/新中式女装,東芳里·观尘螺钿洒金桑蚕丝如意头夏季太太服,190.5,小店广告×直播 (100.0%),東芳里东方美学服饰,4.74,2.41,7.18,31.82,871.0,ROI表现强，建议优先扩量并复制高转化素材,换季焕新
AMS投放爆品,中式女装/新中式女装,【亭台楼阁】新中式国风夏季女士气质显瘦百搭短袖上衣小衫T恤新款,178.5,小店广告×直播 (100.0%),俏佳人女装轻奢,3.88,2.42,10.14,78.42,133.4,ROI表现强，建议优先扩量并复制高转化素材,日常通勤
AMS投放爆品,中式女装/新中式女装,【八月粉丝专享·全罗直筒裤】100%桑蚕丝30姆米松紧腰裤子·13130,171.3,ADQ×直播 (92.5%),南国丝府香云纱-2026上新中,1.65,16.47,20.03,36.23,600.0,ROI表现强，建议优先扩量并复制高转化素材,日常通勤
AMS投放爆品,中式女装/新中式女装,新裁集NCC【潇洒裤】新中式国风色织匹马棉垂感阔腿裤XCJ26080325,157.0,小店广告×直播 (100.0%),沐恩恩选高定,3.0,19.92,11.35,36.73,509.1,ROI表现强，建议优先扩量并复制高转化素材,日常通勤
AMS投放爆品,中式女装/新中式女装,東芳里·璎珞夏季桑蚕丝中国风八达通运纹马甲,143.4,小店广告×直播 (84.2%),東芳里东方美学服饰,4.32,3.62,7.36,50.51,870.9,ROI表现强，建议优先扩量并复制高转化素材,换季焕新
AMS投放爆品,中式女装/新中式女装,東芳里·紫筵国风时尚气质高定上衣新中式斜襟复古马甲,142.9,小店广告×直播 (100.0%),東芳里东方美学服饰,1.99,2.55,5.51,30.77,848.1,ROI表现强，建议优先扩量并复制高转化素材,日常通勤
AMS投放爆品,中式女装/新中式女装,新裁集NCC【双宫·桃绯】新中式国风高端双宫丝上衣衬衫XCJ26070313,135.9,小店广告×直播 (100.0%),沐恩恩选高定,2.6,14.37,8.99,52.0,684.1,ROI表现强，建议优先扩量并复制高转化素材,日常通勤
AMS投放爆品,中式女装/新中式女装,【镶守·华琚】轻中式轻奢时尚潮流中国风百搭休闲宽松裤子K9106,124.3,小店广告×直播 (100.0%),镶守女装,4.17,1.01,5.38,60.0,935.5,ROI表现强，建议优先扩量并复制高转化素材,居家休闲
AMS投放爆品,中式女装/新中式女装,妈妈夏装2026新款时尚洋气套装小衫中老年女装大码宽松上衣两件套,117.2,ADQ×直播 (100.0%),喜来源妈妈装,2.88,1.3,3.8,116.33,127.1,ROI表现强，建议优先扩量并复制高转化素材,居家休闲
AMS投放爆品,中式女装/新中式女装,宋锦（青拧）新中式时尚休闲百搭立领盘扣春款上衣外套62007,114.4,ADQ×直播 (100.0%),香夫人新中式女装,2.97,5.09,23.65,198.15,701.4,ROI表现强，建议优先扩量并复制高转化素材,居家休闲
AMS投放爆品,中式女装/新中式女装,【蓝龟·花苞裤】非遗限定 | 100%桑蚕丝35姆米香云纱龟裂纹松紧腰裤子,101.4,ADQ×直播 (100.0%),南国丝府香云纱2号店,6.23,19.83,75.84,84.41,578.6,ROI表现强，建议优先扩量并复制高转化素材,日常通勤
AMS投放爆品,中式女装/新中式女装,知己【半夏】夏季新款重工100苎麻镂空刺绣气质百搭休闲短袖T恤,93.0,小店广告×直播 (100.0%),珊姐520.,3.43,12.76,15.75,70.25,169.4,ROI表现强，建议优先扩量并复制高转化素材,日常通勤
AMS投放爆品,中式女装/新中式女装,新裁集NCC【晴素】新中式国风立领盘扣短袖上衣衬衫XCJ26070307,92.1,小店广告×直播 (100.0%),沐恩恩选高定,2.77,12.41,22.27,76.92,552.2,ROI表现强，建议优先扩量并复制高转化素材,日常通勤
AMS投放爆品,中式女装/新中式女装,東芳里·喜上枝桑蚕丝双宫重工刺绣新中式国风马甲,88.0,小店广告×直播 (100.0%),東芳里东方美学服饰,4.02,0.46,11.02,105.88,798.3,ROI表现强，建议优先扩量并复制高转化素材,日常通勤
AMS投放爆品,中式女装/新中式女装,织锦（美姿）新中式提花重工刺绣气质显瘦高级感外套春装62088,86.9,ADQ×直播 (100.0%),香夫人新中式女装,4.53,2.71,17.85,155.0,543.2,ROI表现强，建议优先扩量并复制高转化素材,日常通勤
AMS投放爆品,中式女装/新中式女装,云锦妆花（洛柠）新中式时尚国风百搭宽松上衣60936,85.6,ADQ×直播 (100.0%),香夫人新中式女装,4.31,4.03,14.28,100.0,634.2,ROI表现强，建议优先扩量并复制高转化素材,居家休闲
AMS投放爆品,中式女装/新中式女装,"[柔美与挺拔于一身,微松A型剪裁]-风衣-风行一刻-慕江南",81.0,小店广告×直播 (100.0%),慕江南穿搭,4.05,32.45,61.53,42.04,308.9,ROI表现强，建议优先扩量并复制高转化素材,日常通勤
AMS投放爆品,中式女装/新中式女装,新裁集NCC【锦韵】新中式国风蜀锦暗纹提花开衫外套XCJ26080331,79.7,小店广告×直播 (100.0%),沐恩恩选高定,2.93,15.48,10.36,88.46,444.3,ROI表现强，建议优先扩量并复制高转化素材,换季焕新
AMS投放爆品,中式女装/新中式女装,【有钱花·全家福】非遗绞罗｜100%桑蚕丝28姆米纯手工珠绣上衣,76.2,ADQ×直播 (100.0%),南国丝府香云纱2号店,4.0,6.98,23.52,116.22,677.7,ROI表现强，建议优先扩量并复制高转化素材,日常通勤
AMS投放爆品,中式女装/新中式女装,（云落）老钱风高级感气质复古提花刺绣流苏百搭半身百褶裙50894,76.1,ADQ×直播 (100.0%),香夫人新中式女装,3.11,2.2,13.36,104.76,677.2,ROI表现强，建议优先扩量并复制高转化素材,日常通勤
AMS投放爆品,中式女装/新中式女装,【亭台楼阁】新中式国风夏季女士气质显瘦百搭短袖上衣小衫T恤新款,75.7,小店广告×直播 (100.0%),丝美娜服饰配件,3.56,1.58,8.23,81.82,132.1,ROI表现强，建议优先扩量并复制高转化素材,日常通勤
AMS投放爆品,毛衣/针织衫,【12.19上新】ICICLE之禾美丽诺羊毛针织外套1810,604.5,ADQ×直播 (100.0%),ICICLE之禾品牌店,4.85,2.03,25.39,62.5,2441.5,ROI表现强，建议优先扩量并复制高转化素材,换季焕新
AMS投放爆品,毛衣/针织衫,【官旗专属】【4.29上新】ICICLE之禾麻丝混纺套头针织衫2210,414.5,ADQ×直播 (100.0%),ICICLE之禾品牌店,4.58,2.71,31.52,60.64,1945.6,ROI表现强，建议优先扩量并复制高转化素材,换季焕新
AMS投放爆品,毛衣/针织衫,【碎星河】夏季新款时尚百搭气质针织开衫,301.2,小店广告×小店 (100.0%),MaleMars服饰,3.42,4.9,6.79,55.66,270.0,ROI表现强，建议优先扩量并复制高转化素材,换季焕新
AMS投放爆品,毛衣/针织衫,ICICLE之禾易打理美丽诺羊毛圆领长袖衫0364,232.1,ADQ×直播 (100.0%),ICICLE之禾品牌店,4.99,3.66,20.78,42.86,1607.3,ROI表现强，建议优先扩量并复制高转化素材,换季焕新
AMS投放爆品,毛衣/针织衫,【moco神裤】牛仔裤2026春新品含天丝中腰直筒阔腿拖地MBF1JENT02,224.1,小店广告×直播 (100.0%),MO&Co.,4.25,2.81,23.21,38.57,1040.3,ROI表现强，建议优先扩量并复制高转化素材,换季焕新
AMS投放爆品,毛衣/针织衫,DEEP BREATH深呼吸女装 圆领简约拼色条纹贴唛宽松长袖针织上衣A301808,222.9,小店广告×小店 (100.0%),深呼吸品牌官方店,4.96,8.32,14.97,38.99,293.9,ROI表现强，建议优先扩量并复制高转化素材,日常通勤
AMS投放爆品,毛衣/针织衫,娜尔思气质通勤修身七分袖西装外套时尚休闲夏季薄款职场上衣,211.4,小店广告×直播 (99.5%),娜尔思女装品牌店,2.61,6.41,15.58,35.66,865.6,ROI表现强，建议优先扩量并复制高转化素材,日常通勤
AMS投放爆品,毛衣/针织衫,ICICLE之禾【无缝针织】粗纺羊绒圆领套头针织衫3076,196.5,ADQ×直播 (100.0%),ICICLE之禾品牌店,5.46,3.25,20.73,45.83,1187.7,ROI表现强，建议优先扩量并复制高转化素材,换季焕新
AMS投放爆品,毛衣/针织衫,红袖春季2025新款女装正肩金属装饰镂空交叉V领针织衫90125010101,171.8,小店广告×小店 (100.0%),0,2.0,2.09,4.88,62.26,221.6,ROI表现强，建议优先扩量并复制高转化素材,换季焕新
AMS投放爆品,毛衣/针织衫,莱赛尔天丝纯色V领短袖t恤女夏季洋气大码女装冰丝针织薄款短袖,158.3,小店广告×小店 (100.0%),感恩相遇-故事集,7.63,4.28,8.89,59.44,50.3,ROI表现强，建议优先扩量并复制高转化素材,换季焕新
AMS投放爆品,毛衣/针织衫,FEYLYLY罗兰·加洛斯球场系列镂空开衫运动休闲针织轻奢时尚气质,154.0,ADQ×直播 (100.0%),FEYLYLY翡翎芮,1.62,2.44,2.62,47.62,268.9,ROI表现强，建议优先扩量并复制高转化素材,日常通勤
AMS投放爆品,毛衣/针织衫,【新能量裙像】Marisfrolg/玛丝菲尔复古女士印花连衣裙A1FZ10496,147.7,小店广告×直播 (100.0%),玛丝菲尔女装店,6.24,7.07,50.35,66.67,2668.4,ROI表现强，建议优先扩量并复制高转化素材,约会社交
AMS投放爆品,毛衣/针织衫,森柔毛衫|商场同款森马针织开衫女短款新款101725106004,144.3,小店广告×直播 (68.4%),森马官方店,2.58,3.27,8.95,61.6,138.4,ROI表现强，建议优先扩量并复制高转化素材,换季焕新
AMS投放爆品,毛衣/针织衫,秦磊女装素简衬衫棉混纺修身显瘦百搭长袖衬衣XY-SY2008,136.6,ADQ×直播 (100.0%),秦磊-楚楚,2.91,3.52,4.4,34.38,263.2,ROI表现强，建议优先扩量并复制高转化素材,日常通勤
AMS投放爆品,毛衣/针织衫,高端桑蚕天丝时尚镂空圆领短袖针织开衫女士夏季新款洋气减龄T恤,131.7,小店广告×小店 (100.0%),梦呓服装厂,3.86,5.53,9.66,80.36,159.0,ROI表现强，建议优先扩量并复制高转化素材,换季焕新
AMS投放爆品,毛衣/针织衫,针织短袖t恤女士装夏季2026年新款时尚气质宽松显瘦体桖上衣,116.0,小店广告×小店 (100.0%),晗小姐K,7.15,6.28,10.0,31.4,27.0,ROI表现强，建议优先扩量并复制高转化素材,换季焕新
AMS投放爆品,毛衣/针织衫,森马长袖衬衫女条纹短背心oversize肌理衬衣两件套101525105007,114.5,ADQ×直播 (51.5%),森马官方店,2.48,3.84,8.91,52.91,140.3,ROI表现强，建议优先扩量并复制高转化素材,日常通勤
AMS投放爆品,毛衣/针织衫,森马外套女秋季条纹短背心翻领宽松夹克小个子两件套101525108003,110.1,小店广告×直播 (63.8%),森马官方店,2.28,5.25,9.54,52.23,151.6,ROI表现强，建议优先扩量并复制高转化素材,换季焕新
AMS投放爆品,毛衣/针织衫,高端桑蚕天丝V领女士T恤洋气减龄高级感针织衫宽松显瘦短袖薄上衣,102.4,小店广告×小店 (100.0%),云想高端服饰,4.0,5.73,9.42,70.59,159.0,ROI表现强，建议优先扩量并复制高转化素材,居家休闲
AMS投放爆品,毛衣/针织衫,哥弟商元【换季折扣】羊毛针织打底衫亲肤百搭修身内穿外搭显瘦上衣,100.1,小店广告×小店 (100.0%),哥弟商元家居服饰,4.02,6.12,4.19,43.66,82.7,ROI表现强，建议优先扩量并复制高转化素材,换季焕新
AMS投放爆品,毛衣/针织衫,MOCO牛仔裤2026秋新品棉质米白宽松长直筒阔腿做旧感MBF3JENT13,99.2,小店广告×直播 (100.0%),MO&Co.,4.64,2.86,22.36,75.61,757.0,ROI表现强，建议优先扩量并复制高转化素材,居家休闲
AMS投放爆品,毛衣/针织衫,UR2026夏季新款女装魅力氛围感拼接褶皱收腰针织衫UWG950142,97.9,小店广告×小店 (100.0%),UR服装旗舰店,2.49,6.65,15.35,68.46,161.8,ROI表现强，建议优先扩量并复制高转化素材,换季焕新
AMS投放爆品,毛衣/针织衫,edition仿兔毛环保皮草外套EBE4COT013,95.6,小店广告×直播 (100.0%),edition官方,4.33,3.34,28.97,50.0,1384.4,ROI表现强，建议优先扩量并复制高转化素材,换季焕新
AMS投放爆品,毛衣/针织衫,Syan【春野小煦】新款春款洋气百搭简约宽松显瘦女士针织开衫,91.1,小店广告×直播 (100.0%),Syan莹集,1.43,23.68,7.16,70.93,106.2,ROI表现强，建议优先扩量并复制高转化素材,日常通勤
AMS投放爆品,毛衣/针织衫,【半山海】夏季新款慵懒风镂空圆领短袖针织上衣时尚百搭薄,88.3,小店广告×小店 (100.0%),MaleMars服饰,5.21,5.56,8.0,54.29,282.7,ROI表现强，建议优先扩量并复制高转化素材,换季焕新
AMS投放爆品,毛衣/针织衫,DEEP BREATH深呼吸女装 圆领外套口袋坑条纽扣毛针织开衫A401265,86.7,小店广告×小店 (100.0%),深呼吸品牌官方店,3.46,4.5,16.15,40.98,321.3,ROI表现强，建议优先扩量并复制高转化素材,换季焕新
AMS投放爆品,毛衣/针织衫,慕江南【店播专用】-风衣-风起无声,73.0,小店广告×直播 (100.0%),慕江南官方旗舰店,8.53,92.7,17.81,31.11,404.4,ROI表现强，建议优先扩量并复制高转化素材,换季焕新
AMS投放爆品,毛衣/针织衫,2026夏季新款桑蚕丝镂空针织短袖宽松百搭高级感开衫上衣,66.7,小店广告×小店 (100.0%),依暖阁毛衣店,3.87,5.64,9.72,120.37,168.0,ROI表现强，建议优先扩量并复制高转化素材,换季焕新
AMS投放爆品,毛衣/针织衫,朗文斯汀百搭坑条纹针织衫女2026春季新款时尚通勤气质显瘦上衣DTYZ6101A03189,64.6,小店广告×小店 (100.0%),朗文斯汀高端女装店铺,2.26,2.28,4.1,81.25,231.8,ROI表现强，建议优先扩量并复制高转化素材,日常通勤
AMS投放爆品,毛衣/针织衫,森柔毛衫|商场同款森马毛衣女冬撞色V领宽松新款101725107015,63.9,小店广告×直播 (85.5%),森马官方店,2.45,3.14,9.68,62.31,160.4,ROI表现强，建议优先扩量并复制高转化素材,居家休闲
视频号爆品,女装其他,【芙娜妮】新款气质轻奢收腰显瘦时尚高级感套装女F2630010,3392359.0,直播带货 (90.5%),FNN-雯雯4店,,,,,269.0,建议优先放大头部款预算，并同步测试2-3套新素材,日常通勤
视频号爆品,女装其他,【西子风情-定制小衫】高端国风双面穿小衫,3221520.0,直播带货 (99.7%),秋娘子101店,,,,,1299.0,建议优先放大头部款预算，并同步测试2-3套新素材,日常通勤
视频号爆品,女装其他,送运费险【国色牡丹】亚麻裤设计师春夏新款高档百搭-K354-萱萱,2813965.2,直播带货 (20.4%),乔安娜定制7号,,,,,390.0,建议优先放大头部款预算，并同步测试2-3套新素材,日常通勤
视频号爆品,女装其他,LOERY【梧桐纪事编号62】高级感醋酸天丝冰凉感慵懒气质显白套装128105,2331183.0,直播带货 (45.4%),LOERY穿搭分享,,,,,389.9,建议优先放大头部款预算，并同步测试2-3套新素材,日常通勤
视频号爆品,女装其他,【BELL HON】2026夏新款设计感显瘦长袖圆领上衣-BHT8084,2305714.8,直播带货 (61.8%),FIRST 初见私定衣橱,,,,,142.9,建议优先放大头部款预算，并同步测试2-3套新素材,日常通勤
视频号爆品,女装其他,01*宽松条纹长袖短裤套装女夏季显瘦百搭休闲上衣FD03053,2212995.0,直播带货 (83.7%),G吾馨奢服,,,,,219.0,建议优先放大头部款预算，并同步测试2-3套新素材,居家休闲
视频号爆品,女装其他,【喜悦】2026夏季新款新中式国风文艺高级气质国潮文化单马夹,2187550.0,直播带货 (31.7%),怀玖新中式美学,,,,,990.3,建议优先放大头部款预算，并同步测试2-3套新素材,日常通勤
视频号爆品,女装其他,52*夏季女装防晒时尚女装套装FD031139,2094638.0,直播带货 (84.6%),G吾馨奢服,,,,,238.0,建议优先放大头部款预算，并同步测试2-3套新素材,户外出游
视频号爆品,女装其他,[蝶恋20年纪念版]100%棉水洗时尚大码显瘦休闲九分气球裤 D8318,2043169.6,直播带货 (8.7%),崔万志蝶恋服饰工厂,,,,,69.7,建议优先放大头部款预算，并同步测试2-3套新素材,居家休闲
视频号爆品,女装其他,【芙娜妮】2026新款气质时尚新中式女汉服秋冬款套装F2630063,2037161.0,直播带货 (95.2%),FNN-雯雯4店,,,,,289.0,建议优先放大头部款预算，并同步测试2-3套新素材,日常通勤
视频号爆品,女装其他,天山[100%山羊绒]伯爵夫人26新款流光风气质羊绒大衣女-YKNL5701T,2008659.0,直播带货 (52.9%),天山羊绒服饰工厂店,,,,,989.0,建议优先放大头部款预算，并同步测试2-3套新素材,日常通勤
视频号爆品,女装其他,【秦岚同款神裤】MOCO工装裤夏新品棉质弯刀裤中腰MBE2PATT03,1985414.0,直播带货 (88.6%),MO&Co.官方旗舰店,,,,,975.2,建议优先放大头部款预算，并同步测试2-3套新素材,日常通勤
视频号爆品,女装其他,新色上新 超好看 美式辣妹速干工装裤2026夏季显瘦阔腿设计感裤子,1867594.0,直播带货 (14.4%),ITUU,,,,,65.2,建议优先放大头部款预算，并同步测试2-3套新素材,换季焕新
视频号爆品,女装其他,良辰  国风优雅气质文艺日常奥黛改良旗袍,1866484.0,直播带货 (0.0%),安诗歌旗袍平江店,,,,,599.0,建议优先放大头部款预算，并同步测试2-3套新素材,日常通勤
视频号爆品,女装其他,唐一【100%桑蚕丝】非遗香云纱老料蓝龟裂纹九分阔腿大裤脚甩裤女,1793501.0,直播带货 (14.6%),唐一香云纱,,,,,590.2,建议优先放大头部款预算，并同步测试2-3套新素材,日常通勤
视频号爆品,女装其他,[南法]夏季简约百搭老钱风宽松阔腿休闲短裤,1680064.0,直播带货 (15.5%),MaleMars,,,,,295.5,建议优先放大头部款预算，并同步测试2-3套新素材,居家休闲
视频号爆品,女装其他,【云幽】100% 桑蚕丝气质百搭时尚复古显瘦休闲宽松上衣,1671293.0,直播带货 (99.5%),匠心如艺真丝香云纱,,,,,590.6,建议优先放大头部款预算，并同步测试2-3套新素材,居家休闲
视频号爆品,女装其他,送运费险【七色魔方】亚麻裤设计师春夏新款高档百搭-K355,1641146.0,直播带货 (94.4%),乔安娜定制服饰2,,,,,79.9,建议优先放大头部款预算，并同步测试2-3套新素材,日常通勤
视频号爆品,女装其他,NEZUOZUO【云絮百褶衫】老钱风女士夏季天丝面料凉爽不贴身百搭舒适,1500165.0,直播带货 (88.3%),恩左左三店,,,,,178.3,建议优先放大头部款预算，并同步测试2-3套新素材,居家休闲
视频号爆品,女装其他,新中式国风2026新款国风夏季双面穿复古显瘦百搭女上衣LY-H5552,1479717.0,直播带货 (26.6%),观姗原创女装,,,,,188.3,建议优先放大头部款预算，并同步测试2-3套新素材,换季焕新
视频号爆品,女装其他,夏季新款时尚新中式V领宽松遮肉显瘦气质大码妈妈套装7525,1459164.0,直播带货 (39.3%),懂您私服穿搭,,,,,143.0,建议优先放大头部款预算，并同步测试2-3套新素材,日常通勤
视频号爆品,女装其他,《花开半夏》天丝苎麻绣花马甲1688-6B10600,1434591.0,直播带货 (85.7%),美清的岁月静好1店,,,,,199.0,建议优先放大头部款预算，并同步测试2-3套新素材,日常通勤
视频号爆品,女装其他,W260308-夏季新款上新原创新中式百搭显瘦时尚减龄国风上衣,1422054.0,直播带货 (95.3%),新深圳风穗原创服饰9号店,,,,,199.0,建议优先放大头部款预算，并同步测试2-3套新素材,换季焕新
视频号爆品,女装其他,72*夏季亚麻气质无袖马甲女装长裤套装FD00194,1301664.0,直播带货 (88.7%),G吾馨奢服,,,,,298.0,建议优先放大头部款预算，并同步测试2-3套新素材,日常通勤
视频号爆品,女装其他,【渲渲推荐】YMJJ-26088-1夏季复古风中高腰休闲花裤,1288906.0,直播带货 (42.8%),萍水衣见,,,,,192.1,建议优先放大头部款预算，并同步测试2-3套新素材,居家休闲
视频号爆品,女装其他,01*宽松条纹长袖短裤套装女夏季显瘦百搭休闲上衣FD03053,1284156.0,直播带货 (96.6%),C奢品分区,,,,,258.8,建议优先放大头部款预算，并同步测试2-3套新素材,居家休闲
视频号爆品,女装其他,新中式国风2026新款国风夏季双面穿复古显瘦百搭女上衣LY-H5552,1199427.0,直播带货 (5.5%),观玲原创女装,,,,,186.3,建议优先放大头部款预算，并同步测试2-3套新素材,换季焕新
视频号爆品,女装其他,COCBAY-Urban Drift｜慵懒随性复古宽条纹撞色V领T长袖YT0024,1169837.0,直播带货 (60.3%),cocbay女装,,,,,374.7,建议优先放大头部款预算，并同步测试2-3套新素材,居家休闲
视频号爆品,女装其他,夏季新款高腰透气宽松直筒休闲女裤设计感百搭长裤,1162693.6,直播带货 (49.7%),梓沛服饰店,,,,,56.7,建议优先放大头部款预算，并同步测试2-3套新素材,居家休闲
视频号爆品,女装其他,【豆子推荐】6921 夏季单排扣设计感高腰亚麻裤子百搭小个子休闲,1145086.1,直播带货 (89.9%),BYBI豆豆女装工厂店,,,,,149.9,建议优先放大头部款预算，并同步测试2-3套新素材,居家休闲
视频号爆品,连衣裙,拉夏贝尔卡其色裙裤女夏季薄款2026新款冰丝高级感垂感天丝小个子阔腿裤裙,4200093.3,直播带货 (89.3%),拉夏贝尔LA CHAPELLE曼娴服饰,,,,,159.9,建议优先放大头部款预算，并同步测试2-3套新素材,约会社交
视频号爆品,连衣裙,大牛专属 高定法式优雅鱼尾高级轻奢气质女装肌理褶皱连衣裙女,2997312.0,直播带货 (76.4%),辰辰外贸服饰,,,,,699.0,建议优先放大头部款预算，并同步测试2-3套新素材,日常通勤
视频号爆品,连衣裙,【云瑶辰华】夏季新款休闲百搭高端气质洋气减龄显瘦连衣裙-6856#,2409808.6,直播带货 (99.0%),依梦三号,,,,,198.5,建议优先放大头部款预算，并同步测试2-3套新素材,日常通勤
视频号爆品,连衣裙,【青森专属】RJ店轻奢设计师女装连衣裙SZ1509,2340003.0,直播带货 (97.6%),霞美原创CQX49号店,,,,,159.0,建议优先放大头部款预算，并同步测试2-3套新素材,约会社交
视频号爆品,连衣裙,BUWANJUST【江山美人】高定复古杂色老钱极简无袖连衣裙B2606070,2065238.0,直播带货 (90.9%),Bu晚just,,,,,428.2,建议优先放大头部款预算，并同步测试2-3套新素材,约会社交
视频号爆品,连衣裙,夏季优雅新款复古收腰显瘦气质中长款百褶连衣裙530-2621,2004821.0,直播带货 (36.7%),毛衣姐姐sweater sister,,,,,234.0,建议优先放大头部款预算，并同步测试2-3套新素材,日常通勤
视频号爆品,连衣裙,[MOHAN/墨含]2026新款时尚气质优雅大气圆领连衣裙HYL6219,1954085.0,直播带货 (97.4%),小狮子服饰店,,,,,687.8,建议优先放大头部款预算，并同步测试2-3套新素材,日常通勤
视频号爆品,连衣裙,[送腰带]2026专柜上新方影清和复古氛围显瘦百搭气质连衣裙NC024,1899939.0,直播带货 (27.6%),罗衣女装,,,,,632.3,建议优先放大头部款预算，并同步测试2-3套新素材,日常通勤
视频号爆品,连衣裙,Moncekova/RL赫本极简舒适赛洛棉针织拼接棉府绸连衣长裙,1663108.0,直播带货 (97.7%),Moncekova  线上五店,,,,,298.9,建议优先放大头部款预算，并同步测试2-3套新素材,约会社交
视频号爆品,连衣裙,爆姐严选【玉园清欢】冰感醋酸轻奢时尚复古通勤黑色连衣裙-6102#,1621518.9,直播带货 (67.4%),序然服饰小店,,,,,200.0,建议优先放大头部款预算，并同步测试2-3套新素材,日常通勤
视频号爆品,连衣裙,Y·H 2026夏季新款清新时尚显瘦宽松法式气质百搭半身裙F6820,1515526.1,直播带货 (43.7%),深圳南油高定服饰1店,,,,,73.8,建议优先放大头部款预算，并同步测试2-3套新素材,日常通勤
视频号爆品,连衣裙,WANG ZONE｜25姆米幽兰东方韵红云纱波点暗纹提花手工盘扣旗袍连衣裙/花苞半裙,1508595.0,直播带货 (47.5%),Wang Zone黑标店,,,,,776.0,建议优先放大头部款预算，并同步测试2-3套新素材,约会社交
视频号爆品,连衣裙,【GEMAN】星辰 25姆米重磅冠乐绉蚕丝连衣裙QXX256-ES25X357  LB,1489214.0,直播带货 (6.4%),歌漫7店,,,,,591.4,建议优先放大头部款预算，并同步测试2-3套新素材,约会社交
视频号爆品,连衣裙,《蓝色莫奈》时尚印花压褶直筒半身裙3695-362-B940,1453368.0,直播带货 (85.9%),美清的岁月静好1店,,,,,168.0,建议优先放大头部款预算，并同步测试2-3套新素材,约会社交
视频号爆品,连衣裙,【露】夏季新款复古时尚无袖收腰气质连衣裙 H-2730,1363060.0,直播带货 (117.5%),衣橱优选小店,,,,,168.8,建议优先放大头部款预算，并同步测试2-3套新素材,日常通勤
视频号爆品,连衣裙,时尚设计感格纹花色半身裙1688-352-8456,1348623.0,直播带货 (23.0%),美清的岁月静好1店,,,,,199.0,建议优先放大头部款预算，并同步测试2-3套新素材,约会社交
视频号爆品,连衣裙,深圳李李【蝴蝶翩翩】桑蚕丝连衣裙V领无袖提花缎面显瘦LYQ029,1342394.0,直播带货 (53.6%),深圳市李李女装,,,,,491.0,建议优先放大头部款预算，并同步测试2-3套新素材,约会社交
视频号爆品,连衣裙,【婉婉专属】95122设计感拼接气质印花亚麻连衣裙夏季新款收腰显瘦长款裙子,1317938.0,直播带货 (95.3%),原形女装店铺,,,,,596.1,建议优先放大头部款预算，并同步测试2-3套新素材,日常通勤
视频号爆品,连衣裙,【婉婉专属】95133复古印花亚麻连衣裙女新中式气质修身改良旗袍裙,1302305.0,直播带货 (98.7%),原形女装店铺,,,,,400.6,建议优先放大头部款预算，并同步测试2-3套新素材,日常通勤
视频号爆品,连衣裙,[MM]夏季时尚设计师爆款女装拼接宽松显瘦气质连衣裙WX2682,1269126.3,直播带货 (76.7%),子正高定1,,,,,159.9,建议优先放大头部款预算，并同步测试2-3套新素材,日常通勤
视频号爆品,连衣裙,【Linda姐高端线】夏季新款时尚气质显瘦高贵连衣裙子AS6LYH1535,1260529.5,直播带货 (37.6%),琳达姐的小店,,,,,299.8,建议优先放大头部款预算，并同步测试2-3套新素材,日常通勤
视频号爆品,连衣裙,RH【油画裙】春夏新款复古质感显瘦气质点点提花双绉无袖连衣裙7706,1239992.0,直播带货 (14.4%),日禾芮依甄选,,,,,598.5,建议优先放大头部款预算，并同步测试2-3套新素材,日常通勤
视频号爆品,连衣裙,QEIIWMVIP/柒院夏季极简风气质上下搭套装连衣裙5325,1221541.8,直播带货 (50.5%),简序服饰店,,,,,179.1,建议优先放大头部款预算，并同步测试2-3套新素材,日常通勤
视频号爆品,连衣裙,【TangTang·Studio】条纹连衣裙气质时尚休闲百搭-126066,1219756.0,直播带货 (97.6%),TangTang高级定制,,,,,276.2,建议优先放大头部款预算，并同步测试2-3套新素材,日常通勤
视频号爆品,连衣裙,[MOHAN/墨含]夏季新款100桑蚕丝圆领五分袖气质连衣裙WU066-1,1202363.0,直播带货 (97.7%),小狮子服饰店,,,,,584.8,建议优先放大头部款预算，并同步测试2-3套新素材,日常通勤
视频号爆品,连衣裙,[MM]夏季时尚设计师爆款女装拼接宽松显瘦气质连衣裙WX2754,1180701.6,直播带货 (80.4%),子正高定1,,,,,159.9,建议优先放大头部款预算，并同步测试2-3套新素材,日常通勤
视频号爆品,连衣裙,060301-自带凉感 夏季棉绸连衣裙无袖长裙圆领宽松款薄款宽松腰,1180307.8,直播带货 (43.5%),慧慧的衣橱,,,,,48.5,建议优先放大头部款预算，并同步测试2-3套新素材,约会社交
视频号爆品,连衣裙,印花裙裤国风宽松显瘦大摆女款长裤休闲高腰夏薄款春夏裤裙碎花,1166234.9,直播带货 (38.7%),洋洋得衣女装店,,,,,59.7,建议优先放大头部款预算，并同步测试2-3套新素材,居家休闲
视频号爆品,连衣裙,【婉婉专属】91871-2复古印花亚麻连衣裙女2026夏季新款气质显瘦长款裙子,1146842.0,直播带货 (97.0%),原形女装店铺,,,,,454.6,建议优先放大头部款预算，并同步测试2-3套新素材,日常通勤
视频号爆品,连衣裙,【景汇专属】夏季新款法式无袖不规则拼接斜面设计感气质连衣裙,1133031.0,直播带货 (95.9%),MOLI服饰,,,,,158.9,建议优先放大头部款预算，并同步测试2-3套新素材,日常通勤
视频号爆品,T恤,U.S. POLO ASSN.  100%亚麻长袖衬衫  小马标 刺绣 女春夏 通勤遮晒 时尚老钱风,2190467.0,直播带货 (64.0%),USPOLOASSN 卓衣服饰店,,,,,269.0,建议优先放大头部款预算，并同步测试2-3套新素材,日常通勤
视频号爆品,T恤,DEEP BREATH深呼吸女装 三醋酸金银丝可机洗针织衫圆领短袖上衣A301915,2133780.0,直播带货 (24.2%),深呼吸官方旗舰店,,,,,220.0,建议优先放大头部款预算，并同步测试2-3套新素材,换季焕新
视频号爆品,T恤,【现货现发】2026年夏季新款条纹短袖棉T恤女圆领时尚洋气减龄显瘦显白上衣,2092234.8,直播带货 (12.4%),欧利服饰店,,,,,69.9,建议优先放大头部款预算，并同步测试2-3套新素材,换季焕新
视频号爆品,T恤,【霞染丹庭】双面穿凉感油画红调立领短袖上衣改良旗袍小衫,1956160.4,直播带货 (93.7%),鑫儿征帆服饰店,,,,,699.6,建议优先放大头部款预算，并同步测试2-3套新素材,日常通勤
视频号爆品,T恤,2026夏季新款洋气减龄宽松显瘦百搭短袖衬衫女士上衣小衫#668547,1895229.7,直播带货 (65.0%),月百蓝服饰,,,,,89.7,建议优先放大头部款预算，并同步测试2-3套新素材,日常通勤
视频号爆品,T恤,哥弟商元【凉感醋酸】夏季新款百搭显瘦休闲透气女短袖打底上衣,1868945.0,直播带货 (81.9%),哥弟商元小店,,,,,90.2,建议优先放大头部款预算，并同步测试2-3套新素材,居家休闲
视频号爆品,T恤,夏季POLO衫套装气质老钱风高级配腰带短裤DZ6T2283套装,1852728.0,直播带货 (95.8%),晟虹奢品店,,,,,239.0,建议优先放大头部款预算，并同步测试2-3套新素材,日常通勤
视频号爆品,T恤,西子/【主编套装】V领收腰短袖上衣+垂感阔腿裤套装/WTTJ1376,1736244.0,直播带货 (52.8%),玉西子,,,,,296.5,建议优先放大头部款预算，并同步测试2-3套新素材,日常通勤
视频号爆品,T恤,Y6082夏季新款时尚百搭高腰显瘦阔腿短袖上衣套装女,1716688.8,直播带货 (78.5%),清禾轻奢女装,,,,,59.9,建议优先放大头部款预算，并同步测试2-3套新素材,换季焕新
视频号爆品,T恤,[肥肥优选专属]梦特娇80支丝光液氨短袖10A抗菌棉纯色修身圆领半袖夏季潮流凉感,1651821.0,直播带货 (98.0%),梦特娇走运女装店,,,,,99.3,建议优先放大头部款预算，并同步测试2-3套新素材,换季焕新
视频号爆品,T恤,Jinsoo锦续【国色天香】BG夏季新款短袖手工定制630,1629541.3,直播带货 (70.4%),锦续Jinsoo,,,,,117.3,建议优先放大头部款预算，并同步测试2-3套新素材,换季焕新
视频号爆品,T恤,2026夏款设计感女式半袖T恤-G5292,1541478.6,直播带货 (47.8%),宇的小店呀,,,,,68.4,建议优先放大头部款预算，并同步测试2-3套新素材,日常通勤
视频号爆品,T恤,P260609-深圳南油原创夏季新款新中式国风上衣百搭气质显瘦遮肉短袖,1320944.0,直播带货 (67.0%),初凰服饰8号店,,,,,214.7,建议优先放大头部款预算，并同步测试2-3套新素材,日常通勤
视频号爆品,T恤,P260673-深圳南油原创夏季新款新中式国风上衣百搭气质显瘦遮肉短袖,1235727.0,直播带货 (30.5%),初凰服饰8号店,,,,,331.4,建议优先放大头部款预算，并同步测试2-3套新素材,日常通勤
视频号爆品,T恤,【湖青花蔓】新中式国风女装立领盘扣衬衫上衣夏短袖显瘦宽松T恤,1142470.0,直播带货 (95.6%),语霏原创服饰女装店,,,,,189.1,建议优先放大头部款预算，并同步测试2-3套新素材,日常通勤
视频号爆品,T恤,WLIN圆领T恤女桑蚕丝兰精莫代尔竹节棉夏季简约百搭纯色短袖上衣,1124550.0,直播带货 (71.4%),WLIN驿君,,,,,158.1,建议优先放大头部款预算，并同步测试2-3套新素材,日常通勤
视频号爆品,T恤,[云上弦]夏日新款时尚翻领条纹镂空针织衫短袖,1096286.0,直播带货 (30.3%),MaleMars,,,,,278.1,建议优先放大头部款预算，并同步测试2-3套新素材,换季焕新
视频号爆品,T恤,2026夏季新款缎面领口拼接时尚显瘦藏肉百搭休闲短袖上衣女#66621,1074167.2,直播带货 (89.8%),月百蓝服饰,,,,,59.4,建议优先放大头部款预算，并同步测试2-3套新素材,居家休闲
视频号爆品,T恤,【品牌专柜】速干透气冰丝凉感运动T恤骑行情侣款短袖6088,1043151.4,直播带货 (93.9%),众享荟外贸服饰,,,,,49.7,建议优先放大头部款预算，并同步测试2-3套新素材,户外出游
视频号爆品,T恤,100%汉麻女士圆领【极简风】纯色国风小衫双雨露24支套头短袖 MM,957324.7,直播带货 (41.1%),汉麻全品类供应链,,,,,94.5,建议优先放大头部款预算，并同步测试2-3套新素材,日常通勤
视频号爆品,T恤,【媛媛】女装衬衫2026新款夏季薄款短袖气质上衣 洋气宽松百搭Y21814,917476.1,直播带货 (98.5%),卓怡女装店,,,,,139.9,建议优先放大头部款预算，并同步测试2-3套新素材,日常通勤
视频号爆品,T恤,【Linda姐高端线】夏季新款时尚气质法式短袖连衣裙子AS6LJS1520,873146.1,直播带货 (73.0%),UPSTAR星选女装S,,,,,297.1,建议优先放大头部款预算，并同步测试2-3套新素材,日常通勤
视频号爆品,T恤,夏季短袖显瘦收腰连衣裙0671,869100.0,直播带货 (1.2%),千韵伊然十号店,,,,,300.0,建议优先放大头部款预算，并同步测试2-3套新素材,约会社交
视频号爆品,T恤,北方鹿【75.3莱赛尔19.4棉5.3桑蚕丝】坑条镂空提花针织短袖261302,858053.0,直播带货 (57.5%),北方鹿服饰优选店,,,,,167.7,建议优先放大头部款预算，并同步测试2-3套新素材,换季焕新
视频号爆品,T恤,可可赫尔本浅杏V领几何提花针织短袖薄款镂空透气上衣HBT1617,857125.3,直播带货 (46.7%),可可赫尔本个店7号,,,,,139.9,建议优先放大头部款预算，并同步测试2-3套新素材,户外出游
视频号爆品,T恤,2026夏季新款拼纱时尚气质显瘦百搭宽松女士短袖T恤上衣#97714,799943.3,直播带货 (39.4%),月百蓝服饰,,,,,78.6,建议优先放大头部款预算，并同步测试2-3套新素材,日常通勤
视频号爆品,T恤,断码清-现货-套装苎麻沉香色圆领短袖夏装纯色套装极简复古风,788966.0,直播带货 (34.7%),匠衣轻奢3号店,,,,,399.3,建议优先放大头部款预算，并同步测试2-3套新素材,日常通勤
视频号爆品,T恤,哥弟商元【蚕丝亚麻】夏季吸湿排汗薄款透气百搭显瘦短袖打底上衣,780732.0,直播带货 (87.7%),哥弟商元小店,,,,,102.4,建议优先放大头部款预算，并同步测试2-3套新素材,户外出游
视频号爆品,T恤,【绿琮】2026原创新款新中式定制飞袖上衣小衫女装国风T恤衬衣,771827.4,直播带货 (65.0%),嫣衣阁服饰,,,,,99.9,建议优先放大头部款预算，并同步测试2-3套新素材,日常通勤
视频号爆品,T恤,【F.J】桑蚕丝T恤女短袖2026年新款小飞袖夏季高级感上衣NLJ1081,763646.0,直播带货 (93.3%),雅繁服饰四店,,,,,299.0,建议优先放大头部款预算，并同步测试2-3套新素材,换季焕新
视频号爆品,阔腿裤,【海盐纸片裤】夏薄款超钛棉九分高腰窄版直筒裤显瘦百搭休闲裤6276,3793156.4,直播带货 (94.4%),蓝迪斯服饰2号,,,,,60.4,建议优先放大头部款预算，并同步测试2-3套新素材,居家休闲
视频号爆品,阔腿裤,拉夏贝尔九分亚麻裤直筒裤女夏冰丝亲肤透气遮胯显瘦通勤裤子百搭,2726295.0,直播带货 (82.7%),拉夏贝尔LA CHAPELLE皇跃服饰,,,,,159.9,建议优先放大头部款预算，并同步测试2-3套新素材,日常通勤
视频号爆品,阔腿裤,【海盐纸片裤】夏薄款超钛棉九分高腰窄版直筒裤显瘦百搭休闲裤6276,2557166.1,直播带货 (92.5%),娜音女裤厂家,,,,,61.3,建议优先放大头部款预算，并同步测试2-3套新素材,居家休闲
视频号爆品,阔腿裤,2026年夏季新款高腰窄版直筒裤垂坠感显瘦百搭休闲裤妈妈裤,2518987.4,直播带货 (97.8%),瑞裳服饰,,,,,19.9,建议优先放大头部款预算，并同步测试2-3套新素材,居家休闲
视频号爆品,阔腿裤,2026新款高腰垂直百搭凉感透气阔腿裤S424薇薇jt,2088612.0,直播带货 (100.0%),杭州未央服饰,,,,,699.0,建议优先放大头部款预算，并同步测试2-3套新素材,户外出游
视频号爆品,阔腿裤,【海盐纸片裤】夏薄款超钛棉九分高腰窄版直筒裤显瘦百搭休闲裤6276,1651967.4,直播带货 (92.4%),赫本女裤厂家,,,,,59.8,建议优先放大头部款预算，并同步测试2-3套新素材,居家休闲
视频号爆品,阔腿裤,[明星同款]100%汉麻天然纤维双股编织吸湿防晒透气亲肤专柜同款直筒裤子,1640725.0,直播带货 (11.2%),苏州织女布衣苏杭总店,,,,,212.0,建议优先放大头部款预算，并同步测试2-3套新素材,户外出游
视频号爆品,阔腿裤,【设计师款】夏季新桑蚕 丝亚 麻高腰窄版直筒裤大地色系显瘦女裤,1464790.6,直播带货 (85.8%),香奈高定女裤,,,,,68.9,建议优先放大头部款预算，并同步测试2-3套新素材,换季焕新
视频号爆品,阔腿裤,【艺术系列】苎麻夏季新款薄款高腰垂感休闲裤百搭通勤显瘦直筒裤女,1268061.3,直播带货 (7.9%),慧-精致生活二店,,,,,199.8,建议优先放大头部款预算，并同步测试2-3套新素材,日常通勤
视频号爆品,阔腿裤,【杨幂同款】SIINSIIN垂垂滑滑冰皮云感直筒裤粉彩风防晒裤,1263836.6,直播带货 (75.9%),SIINSIIN服饰配件店,,,,,168.9,建议优先放大头部款预算，并同步测试2-3套新素材,户外出游
视频号爆品,阔腿裤,AoQunCaiLian设计师款百搭休闲腰间带扣直筒裤-GG82606,1178040.3,直播带货 (94.7%),织述服装设计工作室,,,,,281.4,建议优先放大头部款预算，并同步测试2-3套新素材,居家休闲
视频号爆品,阔腿裤,天丝亚麻简约气质慵懒风小个子八九分夏季阔腿裤新款宽松休闲裤,1168600.8,直播带货 (71.6%),采梦服饰工厂,,,,,48.6,建议优先放大头部款预算，并同步测试2-3套新素材,居家休闲
视频号爆品,阔腿裤,【女款100%汉麻】重磅汉麻双雨露24支女裤直筒裤休闲夏季百搭松弛  MM,1146539.7,直播带货 (59.0%),汉麻全品类供应链,,,,,143.7,建议优先放大头部款预算，并同步测试2-3套新素材,居家休闲
视频号爆品,阔腿裤,夏季薄款休闲裤女2026夏季新款气质爆款显瘦百搭直筒裤子2734,1123180.2,直播带货 (8.9%),韩秀谷芦淞店,,,,,86.9,建议优先放大头部款预算，并同步测试2-3套新素材,日常通勤
视频号爆品,阔腿裤,55*复古风格纹马甲直筒裤套装女装通勤FD001134,1051668.0,直播带货 (68.1%),G吾馨奢服,,,,,346.3,建议优先放大头部款预算，并同步测试2-3套新素材,日常通勤
视频号爆品,阔腿裤,夏季新款通勤休闲深裆高腰直筒裤长裤,1046166.0,直播带货 (0.0%),杭州优质女裤,,,,,393.0,建议优先放大头部款预算，并同步测试2-3套新素材,日常通勤
视频号爆品,阔腿裤,26062200老钱风蓝色晕染垂感阔腿裤女夏季高腰直筒休闲裤,988757.3,直播带货 (98.9%),语菲女装,,,,,99.8,建议优先放大头部款预算，并同步测试2-3套新素材,居家休闲
视频号爆品,阔腿裤,【外贸原单】雨露亚麻天丝莱赛尔夏季时尚百搭透气九分阔腿裤Y910xy,973365.3,直播带货 (101.0%),蔓地女装一号店,,,,,59.5,建议优先放大头部款预算，并同步测试2-3套新素材,户外出游
视频号爆品,阔腿裤,【麻语清风】知禾夏季必备100%汉麻阔腿裤高腰垂坠慵懒女裤WH-593,898854.0,直播带货 (43.6%),每一面都得体的小店,,,,,292.0,建议优先放大头部款预算，并同步测试2-3套新素材,居家休闲
视频号爆品,阔腿裤,9404时尚减龄套装女夏季新款收腰显瘦气质上衣阔腿裤两件套K,867511.5,直播带货 (88.7%),清禾轻奢女装,,,,,49.9,建议优先放大头部款预算，并同步测试2-3套新素材,日常通勤
视频号爆品,阔腿裤,瑰素/Tr全逑爆款神裤！亚麻天丝桑蚕丝混纺直筒裤SK26JJ0522,866801.0,直播带货 (33.4%),瑰素女装穿搭店,,,,,299.0,建议优先放大头部款预算，并同步测试2-3套新素材,日常通勤
视频号爆品,阔腿裤,2026年夏季新款高腰窄版直筒裤女垂坠感显瘦侧边条纹百搭休闲裤,858464.2,直播带货 (110.8%),悦裁服饰,,,,,19.8,建议优先放大头部款预算，并同步测试2-3套新素材,居家休闲
视频号爆品,阔腿裤,【轻奢高端】夏季薄款超钛棉九分高腰窄版直筒裤显瘦百搭休闲裤6032,853148.8,直播带货 (97.4%),今喜女裤工厂,,,,,49.7,建议优先放大头部款预算，并同步测试2-3套新素材,居家休闲
视频号爆品,阔腿裤,【海盐纸片裤】夏薄款超钛棉九分高腰窄版直筒裤显瘦百搭休闲裤6276,845810.0,直播带货 (96.2%),壹品女裤厂家,,,,,60.3,建议优先放大头部款预算，并同步测试2-3套新素材,居家休闲
视频号爆品,阔腿裤,100%雨露汉麻[九分女裤]24公支高腰深裆直筒裤  夏季凉感 透气 抗菌,815550.0,直播带货 (10.4%),罗岚制衣ODM工厂-SDwz2,,,,,169.0,建议优先放大头部款预算，并同步测试2-3套新素材,户外出游
视频号爆品,阔腿裤,夏季高腰深档阔腿裤女夏季高腰显瘦宽松垂感直筒休闲裤大码纯色阔腿裤直筒裤,784777.1,直播带货 (91.3%),素年服饰,,,,,18.2,建议优先放大头部款预算，并同步测试2-3套新素材,居家休闲
视频号爆品,阔腿裤,GUABMN2026夏季新款高腰阔腿裤女刺绣提花宽松垂感休闲长裤6768,777964.0,直播带货 (89.2%),里斯本高定成衣优选店,,,,,289.0,建议优先放大头部款预算，并同步测试2-3套新素材,居家休闲
视频号爆品,阔腿裤,【九头身】女士窄版直筒裤显腿长100%自种长纤汉麻24支（HM2673）,773647.0,直播带货 (54.6%),老谭外贸的店,,,,,139.9,建议优先放大头部款预算，并同步测试2-3套新素材,日常通勤
视频号爆品,阔腿裤,百搭时尚休闲裤女七分裤夏季薄款休闲高腰中裤韩版直筒裤六分裤,723217.1,直播带货 (0.0%),祈成女裤,,,,,45.0,建议优先放大头部款预算，并同步测试2-3套新素材,居家休闲
视频号爆品,阔腿裤,100汉麻女士直筒显腿长100%自种长纤亲肤汉麻窄版老钱风直筒裤3种裤长0873,721149.0,直播带货 (37.6%),菜夫人麻源仓SPH1,,,,,159.9,建议优先放大头部款预算，并同步测试2-3套新素材,日常通勤
视频号爆品,休闲裤,100纯棉夏季薄款韩版洋气小个子七分阔腿弯刀裤女高腰显瘦休闲裤,4003129.4,直播带货 (23.0%),米悠服饰女装工厂店,,,,,79.6,建议优先放大头部款预算，并同步测试2-3套新素材,居家休闲
视频号爆品,休闲裤,澜石LESACHA！2026夏季新款宽松显瘦运动哈伦九分休闲裤（24269）,1441891.0,直播带货 (30.3%),东澜户外休闲服饰,,,,,74.3,建议优先放大头部款预算，并同步测试2-3套新素材,居家休闲
视频号爆品,休闲裤,【DR】爆款升级莫代尔八分微喇裤女高腰显瘦垂感遮胯休闲运动裤-D,1332811.9,直播带货 (2.4%),DR定制女装店,,,,,79.9,建议优先放大头部款预算，并同步测试2-3套新素材,居家休闲
视频号爆品,休闲裤,【莱赛尔-亚麻】2026夏季薄款莱赛尔高腰遛弯裤天丝亚麻九分裤女老爹慵懒风休闲裤子,1236924.7,直播带货 (70.7%),源京,,,,,59.7,建议优先放大头部款预算，并同步测试2-3套新素材,居家休闲
视频号爆品,休闲裤,100纯棉夏季薄款韩版洋气小个子七分阔腿弯刀裤女高腰显瘦休闲裤,1195718.0,直播带货 (25.2%),米加女装服饰工厂店,,,,,79.3,建议优先放大头部款预算，并同步测试2-3套新素材,居家休闲
视频号爆品,休闲裤,夏季汉麻女士长裤宽松透气显瘦微镰刀休闲裤S2672,1193454.0,直播带货 (69.8%),布然出品,,,,,139.0,建议优先放大头部款预算，并同步测试2-3套新素材,居家休闲
视频号爆品,休闲裤,轻薄透气防晒抗菌四分裤高腰遮胯显瘦日常百搭休闲裤【2552】,1157816.8,直播带货 (66.9%),杜鹃鸟的店,,,,,159.7,建议优先放大头部款预算，并同步测试2-3套新素材,户外出游
视频号爆品,休闲裤,100%纯棉酵洗加柔五分短裤女夏季新款宽松高腰显瘦薄款工装休闲裤,1096915.7,直播带货 (68.2%),福菲轻奢女裤,,,,,48.9,建议优先放大头部款预算，并同步测试2-3套新素材,居家休闲
视频号爆品,休闲裤,NEZUOZUO【蚕丝空气裤】桑蚕丝凉爽垂顺松弛透气显瘦休闲九分裤,972501.0,直播带货 (87.0%),恩左左三店,,,,,259.0,建议优先放大头部款预算，并同步测试2-3套新素材,居家休闲
视频号爆品,休闲裤,09341今年流行款的裤子复古小格子舒适慵懒风宽松阔腿休闲裤女,937328.9,直播带货 (69.7%),333号店,,,,,109.4,建议优先放大头部款预算，并同步测试2-3套新素材,居家休闲
视频号爆品,休闲裤,09341今年流行款的裤子复古小格子舒适慵懒风宽松阔腿休闲裤女,915926.1,直播带货 (61.5%),333号店,,,,,109.6,建议优先放大头部款预算，并同步测试2-3套新素材,居家休闲
视频号爆品,休闲裤,2026夏季薄款工装裤女黑色高档凉感微喇女裤显瘦喇叭裤防晒女款休闲裤女6050-精品005--001,914228.0,直播带货 (94.6%),氛奕服饰店,,,,,78.0,建议优先放大头部款预算，并同步测试2-3套新素材,居家休闲
视频号爆品,休闲裤,新款时尚设计感女款长裤休闲裤-XY0391,867524.9,直播带货 (47.3%),宇的小店呀,,,,,97.8,建议优先放大头部款预算，并同步测试2-3套新素材,居家休闲
视频号爆品,休闲裤,【品牌】天丝亚麻夏季9分休闲裤 百搭凉爽透气款,838036.7,直播带货 (57.2%),雅鹿晓瑞服饰店,,,,,154.0,建议优先放大头部款预算，并同步测试2-3套新素材,居家休闲
视频号爆品,休闲裤,BUWANJUST【量感松弛】高定高腰松紧极简休闲镰刀九分裤B2903,789751.0,直播带货 (94.8%),Bu晚just,,,,,243.1,建议优先放大头部款预算，并同步测试2-3套新素材,居家休闲
视频号爆品,休闲裤,100纯棉早秋韩版洋气小个子薄款九分阔腿弯刀裤女高腰显瘦休闲裤,745209.4,直播带货 (48.7%),米悠服饰女装工厂店,,,,,79.8,建议优先放大头部款预算，并同步测试2-3套新素材,居家休闲
视频号爆品,休闲裤,北方鹿 100%亚麻夏季显瘦八分宽松阔腿休闲裤265338,741438.0,直播带货 (62.1%),北方鹿服饰优选店,,,,,217.7,建议优先放大头部款预算，并同步测试2-3套新素材,居家休闲
视频号爆品,休闲裤,09317今年流行款的白裤子独特别致小弯刀休闲裤女巨好看的工装裤,680461.6,直播带货 (53.1%),333号店,,,,,108.6,建议优先放大头部款预算，并同步测试2-3套新素材,居家休闲
视频号爆品,休闲裤,100纯棉夏季薄款韩版洋气小个子七分阔腿弯刀裤女高腰显瘦休闲裤,665806.7,直播带货 (1.5%),米悠服饰女装工厂店,,,,,79.9,建议优先放大头部款预算，并同步测试2-3套新素材,居家休闲
视频号爆品,休闲裤,如素慢衣汉麻100灯笼裤文艺国风宽松显瘦百搭休闲裤836743,658678.0,直播带货 (44.0%),如素麻舍,,,,,254.0,建议优先放大头部款预算，并同步测试2-3套新素材,居家休闲
视频号爆品,休闲裤,夏季新款休闲阔腿九分裤-2669ZH,655852.5,直播带货 (74.8%),薇沫优品,,,,,69.8,建议优先放大头部款预算，并同步测试2-3套新素材,居家休闲
视频号爆品,休闲裤,【山野松弛】【裤王】时空集100%汉麻女夏遮肉重磅气球老爹休闲裤1387,651798.0,直播带货 (19.9%),时空集甄选,,,,,278.7,建议优先放大头部款预算，并同步测试2-3套新素材,居家休闲
视频号爆品,休闲裤,紫绸《非遗美学》2800国风复古直筒阔腿休闲裤九分裤,635470.8,直播带货 (91.4%),响云纱工厂,,,,,129.9,建议优先放大头部款预算，并同步测试2-3套新素材,居家休闲
视频号爆品,休闲裤,苔叙《非遗美学》1966国风复古直筒阔腿夏季休闲裤八分裤,624819.0,直播带货 (94.0%),响云纱工厂,,,,,129.9,建议优先放大头部款预算，并同步测试2-3套新素材,居家休闲
视频号爆品,休闲裤,仓纹《非遗美学》3128国风复古直筒阔腿休闲裤,621831.3,直播带货 (94.2%),响云纱工厂,,,,,129.9,建议优先放大头部款预算，并同步测试2-3套新素材,居家休闲
视频号爆品,休闲裤,美式复古辣妹弯刀裤百搭显瘦多口袋阔腿工装休闲裤,601366.8,直播带货 (2.6%),洛英兰牛仔1,,,,,108.7,建议优先放大头部款预算，并同步测试2-3套新素材,居家休闲
视频号爆品,休闲裤,"LYKKE 徐灵凤【德拉街区】亚麻""夏日触感""复古设计感双口袋窄版直筒休闲裤-YL2532",599292.0,直播带货 (97.3%),LYKKE-3,,,,,229.3,建议优先放大头部款预算，并同步测试2-3套新素材,居家休闲
视频号爆品,休闲裤,丨亚麻.呼吸裤丨昇素 26年春夏天丝亚麻佰搭多色显瘦休闲裤女9221,550617.0,直播带货 (1.4%),昇素服饰2,,,,,159.0,建议优先放大头部款预算，并同步测试2-3套新素材,居家休闲
视频号爆品,休闲裤,100纯棉早秋韩版洋气小个子薄款九分阔腿弯刀裤女高腰显瘦休闲裤,535662.4,直播带货 (29.1%),米悠服饰女装工厂店,,,,,78.5,建议优先放大头部款预算，并同步测试2-3套新素材,居家休闲
视频号爆品,休闲裤,[天丝亚麻[果冻裤]]mukuu老钱风超好裤型 松弛感亚麻裤26夏新款凉感垂顺透气休闲裤,524370.0,直播带货 (15.0%),muku u轻奢休闲,,,,,98.5,建议优先放大头部款预算，并同步测试2-3套新素材,居家休闲
视频号爆品,衬衫,唐一【100%桑蚕丝】非遗红云纱花罗新中式国风波点飞袖衬衫上衣女,1968662.0,直播带货 (14.1%),唐一香云纱,,,,,390.6,建议优先放大头部款预算，并同步测试2-3套新素材,日常通勤
视频号爆品,衬衫,[有小刺马绣][100亚麻]老钱风衬衫女春夏薄款显瘦宽松长袖衬衣,1886936.8,直播带货 (7.6%),瑾轩外贸1号店,,,,,179.8,建议优先放大头部款预算，并同步测试2-3套新素材,日常通勤
视频号爆品,衬衫,02*夏季阔腿裤薄款休闲棉麻亚麻衬衫套装FD00199,1822626.0,直播带货 (79.8%),G吾馨奢服,,,,,317.1,建议优先放大头部款预算，并同步测试2-3套新素材,日常通勤
视频号爆品,衬衫,RH【奶油云朵】复古气质显瘦桑蚕丝肌理感贝壳绉正肩盖袖衬衫7776,1118722.0,直播带货 (92.6%),日禾芮依甄选,,,,,328.9,建议优先放大头部款预算，并同步测试2-3套新素材,日常通勤
视频号爆品,衬衫,29004设计感小众V领褶皱休闲飞飞袖衬衫女衬衣纯色轻薄2026年夏季新款,1086506.2,直播带货 (54.8%),333号店,,,,,89.8,建议优先放大头部款预算，并同步测试2-3套新素材,日常通勤
视频号爆品,衬衫,CUIYUNER 水洗满分莱赛尔衬衫领双胸袋宽松牛仔套装 MR26040090K,989912.0,直播带货 (92.9%),CUIYUNER允儿,,,,,441.9,建议优先放大头部款预算，并同步测试2-3套新素材,日常通勤
视频号爆品,衬衫,2026夏季复古宽松百搭简约纯色显瘦衬衫衬衣新款上衣式套头衫女,946999.0,直播带货 (12.3%),千彤万羽女装工厂店,,,,,36.5,建议优先放大头部款预算，并同步测试2-3套新素材,日常通勤
视频号爆品,衬衫,【青】罗曼花园 法式春夏慵懒感中长款宽松休闲衬衫套装  Y1118,899830.8,直播带货 (25.0%),滕条小店,,,,,219.9,建议优先放大头部款预算，并同步测试2-3套新素材,居家休闲
视频号爆品,衬衫,欧货高端白色蕾丝拼接钉珠衬衫女2026夏季新款法式轻奢风长袖上衣,844774.5,直播带货 (5.9%),花涧集女装,,,,,99.0,建议优先放大头部款预算，并同步测试2-3套新素材,日常通勤
视频号爆品,衬衫,时空集高端衬衣【昼白夜玄霞绯】纯汉麻遮肉无袖酵素水洗衬衫FS1505,832974.0,直播带货 (59.3%),时空集甄选,,,,,148.3,建议优先放大头部款预算，并同步测试2-3套新素材,日常通勤
视频号爆品,衬衫,【7SEVEN】冰感醋酸~韩系氛围感珍珠白衬衫女夏季设计新款衬衣9143,780961.0,直播带货 (17.7%),张七七7SEVEN CHEUNG 好店,,,,,287.9,建议优先放大头部款预算，并同步测试2-3套新素材,日常通勤
视频号爆品,衬衫,《静奢时光》真丝桑蚕丝双面双穿衬衫圆领新款纯色上衣女TP0642,780583.0,直播带货 (96.2%),美清的岁月静好7店,,,,,296.0,建议优先放大头部款预算，并同步测试2-3套新素材,日常通勤
视频号爆品,衬衫,【100砂洗苎麻】宽松印花中袖衬衫女休闲显瘦上衣26070702,778670.0,直播带货 (97.1%),秋比服饰2店,,,,,138.9,建议优先放大头部款预算，并同步测试2-3套新素材,居家休闲
视频号爆品,衬衫,[有小马刺绣]100亚麻夏季新款女士宽松亚麻衬衫长袖休闲百搭高级感衬衫,723337.0,直播带货 (49.4%),小马外贸集合仓,,,,,178.1,建议优先放大头部款预算，并同步测试2-3套新素材,居家休闲
视频号爆品,衬衫,M691纯色系带堆堆袖宽松V领衬衫气质上衣女装,673816.1,直播带货 (78.4%),月织麻衣新,,,,,154.4,建议优先放大头部款预算，并同步测试2-3套新素材,日常通勤
视频号爆品,衬衫,38*高级感军绿色小飞袖衬衫短裤亚麻两件套FD02138,657216.0,直播带货 (76.9%),G吾馨奢服,,,,,288.0,建议优先放大头部款预算，并同步测试2-3套新素材,日常通勤
视频号爆品,衬衫,秋季上新—伍老师专属含莱赛尔棉混纺圆领单排扣中袖衬衫ZC7882,638790.0,直播带货 (95.7%),臻裳-伍恩义高定3店,,,,,199.0,建议优先放大头部款预算，并同步测试2-3套新素材,日常通勤
视频号爆品,衬衫,夏季棉料新款民族风宽松斜襟飞飞袖衬衫女气质百搭大码显瘦,602405.9,直播带货 (109.6%),位家服饰甄选,,,,,57.6,建议优先放大头部款预算，并同步测试2-3套新素材,日常通勤
视频号爆品,衬衫,【KK】LLH2655夏季新款净面开衫纯色款百搭气质衬衫,536663.2,直播带货 (65.7%),KK果子米店,,,,,38.7,建议优先放大头部款预算，并同步测试2-3套新素材,日常通勤
视频号爆品,衬衫,2026年新款气质清爽遮肉显白设计感百搭休闲款慵懒风五分袖衬衫[hu]全,519045.3,直播带货 (103.3%),广州鹿弥尔轻奢服饰,,,,,85.6,建议优先放大头部款预算，并同步测试2-3套新素材,日常通勤
视频号爆品,衬衫,[刘高兴专属]初棉圆领长袖全亚麻衬衫女26夏老钱松弛宽松无领衬衣【法国麻】,518824.0,直播带货 (26.8%),初棉,,,,,208.7,建议优先放大头部款预算，并同步测试2-3套新素材,日常通勤
视频号爆品,衬衫,法式时尚设计感穿搭衬衫女2026夏季新款独特漂亮气质宽松显瘦上衣,506420.8,直播带货 (10.3%),花涧集女装,,,,,99.5,建议优先放大头部款预算，并同步测试2-3套新素材,日常通勤
视频号爆品,衬衫,纯亚麻新款简约文艺宽松休闲百搭女士夏季V领中袖纯色衬衫,503441.0,直播带货 (7.5%),欣麻优选二号店,,,,,93.1,建议优先放大头部款预算，并同步测试2-3套新素材,日常通勤
视频号爆品,衬衫,【现货+运费险】欧货蓝色微透褶皱设计感衬衫女新款爆款通勤显瘦长袖百搭上衣,499448.0,直播带货 (14.6%),花漾服装橱窗,,,,,187.1,建议优先放大头部款预算，并同步测试2-3套新素材,日常通勤
视频号爆品,衬衫,清凉秘籍 100%纯亚麻设计感串珠小飞袖背心小衫 夏季衬衫H613,486768.7,直播带货 (0.1%),摩亦服饰,,,,,82.0,建议优先放大头部款预算，并同步测试2-3套新素材,日常通勤
视频号爆品,衬衫,超好看时尚格纹衬衫女夏季慵懒防晒收腰通勤上衣墨绿色别致2026年,485434.9,直播带货 (3.4%),南风叙女装,,,,,118.5,建议优先放大头部款预算，并同步测试2-3套新素材,日常通勤
视频号爆品,衬衫,29004设计感小众V领褶皱休闲飞飞袖衬衫女衬衣纯色轻薄2026年夏季新款,453573.3,直播带货 (71.9%),333号店,,,,,89.9,建议优先放大头部款预算，并同步测试2-3套新素材,日常通勤
视频号爆品,衬衫,只做真麻 元宝领小衫100%纯亚麻 夏季简约气质日常通勤衬衫H616,446263.6,直播带货 (3.9%),摩亦服饰,,,,,89.9,建议优先放大头部款预算，并同步测试2-3套新素材,日常通勤
视频号爆品,衬衫,（星星）纯亚麻新款简约文艺宽松百搭女士夏季圆领中袖衬衫,438370.3,直播带货 (0.6%),欣与麻七号店,,,,,102.0,建议优先放大头部款预算，并同步测试2-3套新素材,日常通勤
视频号爆品,衬衫,[有小马刺绣]  2026年新款100亚麻条纹长袖衬衫,432856.0,直播带货 (4.5%),小马外贸集合仓,,,,,198.9,建议优先放大头部款预算，并同步测试2-3套新素材,日常通勤
视频号爆品,针织衫,DEEP BREATH深呼吸女装 圆领纯色二醋酸轻薄透气空调防晒针织开衫A401414,3373600.0,直播带货 (47.0%),深呼吸官方旗舰店,,,,,200.0,建议优先放大头部款预算，并同步测试2-3套新素材,户外出游
视频号爆品,针织衫,TUDJ【莱赛尔亚麻混纺】轻薄透气亲肤舒适圆领针织防晒罩衫夏季女款,1404407.0,直播带货 (4.8%),TUDJ集雅女装店,,,,,117.2,建议优先放大头部款预算，并同步测试2-3套新素材,户外出游
视频号爆品,针织衫,【小妖】SY6754夏季新款彩色撞色条纹针织衫时尚休闲罩衫上衣,1077976.8,直播带货 (63.5%),吕小妖衣橱6号店,,,,,69.8,建议优先放大头部款预算，并同步测试2-3套新素材,换季焕新
视频号爆品,针织衫,[100%桑蚕丝]剪刀领夏季重磅真丝长袖针织开衫时尚休闲防晒薄款女,905389.0,直播带货 (41.7%),羊毛羊绒工厂纺织,,,,,272.1,建议优先放大头部款预算，并同步测试2-3套新素材,换季焕新
视频号爆品,针织衫,32551 夏季开衫简约休闲丝麻混纺针织开衫0751,826824.0,直播带货 (3.3%),杰恩女装五号,,,,,188.0,建议优先放大头部款预算，并同步测试2-3套新素材,换季焕新
视频号爆品,针织衫,DEEP BREATH深呼吸女装 圆领纯羊毛针织开衫A400732-2,756800.0,直播带货 (87.3%),深呼吸官方旗舰店,,,,,220.0,建议优先放大头部款预算，并同步测试2-3套新素材,换季焕新
视频号爆品,针织衫,夏季新款（天丝莱赛尔+桑蚕丝）百搭洋气镂空针织上衣女16170,751224.7,直播带货 (46.0%),友嘉服饰,,,,,126.6,建议优先放大头部款预算，并同步测试2-3套新素材,换季焕新
视频号爆品,针织衫,慕秋【云岚原创】桑蚕丝醋酯时尚设计薄款针织衫圆领夏季休闲简约,743653.2,直播带货 (3.1%),初岚服饰,,,,,169.9,建议优先放大头部款预算，并同步测试2-3套新素材,换季焕新
视频号爆品,针织衫,DEEP BREATH深呼吸女装 圆领简约拼色条纹贴唛宽松长袖针织上衣A301808,697760.0,直播带货 (77.9%),深呼吸官方旗舰店,,,,,280.0,建议优先放大头部款预算，并同步测试2-3套新素材,日常通勤
视频号爆品,针织衫,【不二丨無畏】泽与沐汉麻针织拉链夏季外套防晒衣,661254.0,直播带货 (0.0%),泽与沐纯麻女装美学提案,,,,,233.0,建议优先放大头部款预算，并同步测试2-3套新素材,换季焕新
视频号爆品,针织衫,春夏桑蚕丝镂空圆领勾花设计宽松百搭气质显瘦针织上衣女 PX-2277,648383.8,直播带货 (0.0%),阿姿莲羊绒轻奢店,,,,,299.9,建议优先放大头部款预算，并同步测试2-3套新素材,日常通勤
视频号爆品,针织衫,DEEP BREATH深呼吸女装 圆领纯色二醋酸轻薄透气空调防晒针织开衫A401414,643400.0,直播带货 (0.2%),深呼吸 DEEP BREATH 女装商城,,,,,200.0,建议优先放大头部款预算，并同步测试2-3套新素材,户外出游
视频号爆品,针织衫,丝格锦纪～26春夏撞色丝巾烫钻格子透气针织上衣,620079.0,直播带货 (89.3%),YSTG原创女装3号店,,,,,139.0,建议优先放大头部款预算，并同步测试2-3套新素材,户外出游
视频号爆品,针织衫,汀风画语～26春夏温柔宽松透气印花针织上衣,608445.0,直播带货 (91.4%),YSTG原创女装3号店,,,,,129.0,建议优先放大头部款预算，并同步测试2-3套新素材,居家休闲
视频号爆品,针织衫,RELLA 温柔风镂空针织背心马甲女夏季蝴蝶结装饰显瘦百搭款LL454,588015.0,直播带货 (97.5%),RELLA瑞拉服饰,,,,,179.0,建议优先放大头部款预算，并同步测试2-3套新素材,换季焕新
视频号爆品,针织衫,丽姐家~月光灰洋气针织时尚休闲百搭夏季纯色圆领上衣,559956.6,直播带货 (98.0%),丽丽的小店2026,,,,,39.9,建议优先放大头部款预算，并同步测试2-3套新素材,换季焕新
视频号爆品,针织衫,DEEP BREATH深呼吸女装 V领坑条中袖针织冰丝开衫毛针织衫A400870,542640.0,直播带货 (87.9%),深呼吸官方旗舰店,,,,,280.0,建议优先放大头部款预算，并同步测试2-3套新素材,换季焕新
视频号爆品,针织衫,DEEP BREATH深呼吸女装 V领纯色二醋酸轻薄透气空调防晒针织开衫A401415,539220.0,直播带货 (49.9%),深呼吸官方旗舰店,,,,,220.0,建议优先放大头部款预算，并同步测试2-3套新素材,户外出游
视频号爆品,针织衫,一拉克油南高端女装洋气质撞色圆领无袖背心上衣后背镂空针织衫,511902.7,直播带货 (48.9%),Gimmo甄选,,,,,39.6,建议优先放大头部款预算，并同步测试2-3套新素材,日常通勤
视频号爆品,针织衫,622176【奢牌同款】轻奢通勤重工镂空珠片双拉链定制珠链拉片针织衫,501087.0,直播带货 (36.1%),DIANA高定奢品二店,,,,,216.8,建议优先放大头部款预算，并同步测试2-3套新素材,日常通勤
视频号爆品,针织衫,CHICBAI 静奢云朵温柔莱赛尔混纺极简垂感针织衫,492520.0,直播带货 (24.0%),CHICBAI,,,,,179.0,建议优先放大头部款预算，并同步测试2-3套新素材,换季焕新
视频号爆品,针织衫,Y·H 韩系圆领落肩针织背心夏季薄款显瘦气质通勤上衣YL-273749,465727.1,直播带货 (63.0%),深圳南油高定服饰2店,,,,,139.9,建议优先放大头部款预算，并同步测试2-3套新素材,日常通勤
视频号爆品,针织衫,北方鹿【75.3莱赛尔19.4棉5.3桑蚕丝】气质坑条圆领针织开衫261304,453158.0,直播带货 (35.1%),北方鹿服饰优选店,,,,,168.6,建议优先放大头部款预算，并同步测试2-3套新素材,日常通勤
视频号爆品,针织衫,19304孔雀花款百搭洋气蕾丝开衫,425514.6,直播带货 (45.2%),芊羽服饰清货号,,,,,28.5,建议优先放大头部款预算，并同步测试2-3套新素材,约会社交
视频号爆品,针织衫,DEEP BREATH深呼吸女装 新款圆领竖条肌理镂空长袖针织罩衫A301859,414000.0,直播带货 (72.0%),深呼吸官方旗舰店,,,,,200.0,建议优先放大头部款预算，并同步测试2-3套新素材,换季焕新
视频号爆品,针织衫,040红叶原创贵妇既视感显瘦透气遮肉时尚针织衫,412960.0,直播带货 (84.4%),淼兵轻奢女装,,,,,89.0,建议优先放大头部款预算，并同步测试2-3套新素材,户外出游
视频号爆品,针织衫,【秋季新款】条纹连帽休闲洋气时尚气质显瘦百搭针织衫2537,410608.0,直播带货 (93.7%),九小九女装,,,,,159.0,建议优先放大头部款预算，并同步测试2-3套新素材,日常通勤
视频号爆品,针织衫,咖麻柔扣~26春夏双色镂空肌理花边温柔针织上衣,406558.0,直播带货 (90.5%),YSTG原创女装3号店,,,,,109.0,建议优先放大头部款预算，并同步测试2-3套新素材,换季焕新
视频号爆品,针织衫,韵殿莱赛尔天丝开衫2026宽松薄款显瘦夏季空调衫防冰丝短款女,370175.6,直播带货 (78.8%),YUNDIAN韵殿女装4号店,,,,,29.8,建议优先放大头部款预算，并同步测试2-3套新素材,换季焕新
视频号爆品,针织衫,可可赫尔本杏咖撞色条纹V领盖袖针织开衫】复古短款上衣HBZ826,354663.4,直播带货 (74.9%),可可赫尔本个店7号,,,,,149.9,建议优先放大头部款预算，并同步测试2-3套新素材,换季焕新
视频号爆品,外套,【米末】海宁正宗网红款皮衣女短款高级爆款洋气2026新款小外套,2350029.0,直播带货 (47.4%),海宁纪萍皮衣店,,,,,98.5,建议优先放大头部款预算，并同步测试2-3套新素材,换季焕新
视频号爆品,外套,WANG ZONE | 140支可机洗醋酸羊绒亲肤透气连帽拉链外套/套头长袖,1204901.0,直播带货 (56.7%),Wang Zone黑标店,,,,,215.4,建议优先放大头部款预算，并同步测试2-3套新素材,户外出游
视频号爆品,外套,【反季福利】AX-时尚百搭气质保暖米杏色拼接棉服外套,946003.8,直播带货 (78.0%),境禾Green,,,,,139.9,建议优先放大头部款预算，并同步测试2-3套新素材,日常通勤
视频号爆品,外套,【浅蓝色】西装外套女夏季薄款透气修身显瘦通勤休闲醋酸七分袖上衣,889852.0,直播带货 (43.8%),伲嘉女装,,,,,390.3,建议优先放大头部款预算，并同步测试2-3套新素材,日常通勤
视频号爆品,外套,夏季小西装外套显瘦休闲七分袖西服高级简约气质外套,748612.0,直播带货 (91.0%),小满高品女装270,,,,,167.8,建议优先放大头部款预算，并同步测试2-3套新素材,日常通勤
视频号爆品,外套,【品牌特惠】SW速惟男女同款春夏户外防紫外线防晒连帽外套 1658,727489.5,直播带货 (30.1%),SW运动户外店,,,,,79.9,建议优先放大头部款预算，并同步测试2-3套新素材,户外出游
视频号爆品,外套,【大慧美学】A2886#夏装新款桑蚕丝连帽外套防晒衣女宽松版型夏季必备,673177.0,直播带货 (25.8%),伊涵真丝女装,,,,,270.0,建议优先放大头部款预算，并同步测试2-3套新素材,换季焕新
视频号爆品,外套,无领雪纺轻盈感七分袖小西装拉夏贝尔.8206.HYN红,579383.0,直播带货 (94.2%),拉夏贝尔禾衣集通勤女装,,,,,259.0,建议优先放大头部款预算，并同步测试2-3套新素材,日常通勤
视频号爆品,外套,新款亚麻高端修身马甲薄款女背心短款无袖西装V领坎肩马夹,519909.9,直播带货 (5.2%),喆梦女装店,,,,,39.8,建议优先放大头部款预算，并同步测试2-3套新素材,日常通勤
视频号爆品,外套,[MM]百搭宽松潮流时尚休闲女装显瘦披肩外套CXFS001,441234.3,直播带货 (68.0%),子正高定1,,,,,29.9,建议优先放大头部款预算，并同步测试2-3套新素材,居家休闲
视频号爆品,外套,夏季薄款外套穿搭一整套洋气套装休闲运动两件套73252ZH220-2,402264.0,直播带货 (24.1%),香港UGKG太古店,,,,,148.0,建议优先放大头部款预算，并同步测试2-3套新素材,换季焕新
视频号爆品,外套,【有网纱】防晒衣女春夏新款马甲大码宽松薄款连帽马甲短外套坎肩,367355.8,直播带货 (33.2%),右右优选商行,,,,,26.6,建议优先放大头部款预算，并同步测试2-3套新素材,居家休闲
视频号爆品,外套,5K316#夏季防晒薄款软面单层运动户外风衣外套,356250.0,直播带货 (93.0%),宏姐休闲运动店铺,,,,,117.8,建议优先放大头部款预算，并同步测试2-3套新素材,换季焕新
视频号爆品,外套,【松间凝杏】双面双穿异色薄外套女新中式春夏秋防晒衣,275886.6,直播带货 (127.9%),佳敏女装高定,,,,,142.0,建议优先放大头部款预算，并同步测试2-3套新素材,户外出游
视频号爆品,外套,【内里全包边】2026秋季纯色设计感外套宽松显瘦百搭减龄气质薄款上衣外套,261170.5,直播带货 (34.3%),服服服饰,,,,,59.2,建议优先放大头部款预算，并同步测试2-3套新素材,日常通勤
视频号爆品,外套,[清晏]衣年纯品国风刺绣圆领黑色防晒衫女2026夏新款休闲显瘦薄外套,230669.1,直播带货 (61.5%),云舒锦衣,,,,,99.9,建议优先放大头部款预算，并同步测试2-3套新素材,居家休闲
视频号爆品,外套,【米锅巴专属】海宁正宗100%真绵羊网红款皮衣女短款高级爆款洋气2026新款小外套,228217.0,直播带货 (53.0%),海宁纪萍皮衣店,,,,,94.0,建议优先放大头部款预算，并同步测试2-3套新素材,换季焕新
视频号爆品,外套,muku u夏季防晒衣户外登山防紫外线外套情侣纯色超薄透气速干,175084.6,直播带货 (2.6%),muku u轻奢休闲,,,,,86.1,建议优先放大头部款预算，并同步测试2-3套新素材,户外出游
视频号爆品,外套,春夏秋薄款马甲女网纱内衬韩版宽松大码显瘦修身防晒衣外套,159183.6,直播带货 (34.3%),莱米小店服饰,,,,,26.4,建议优先放大头部款预算，并同步测试2-3套新素材,居家休闲
视频号爆品,外套,[MM]百搭宽松潮流时尚休闲女装显瘦披肩外套CXFS001,157214.2,直播带货 (58.0%),伍华高定3,,,,,29.9,建议优先放大头部款预算，并同步测试2-3套新素材,居家休闲
视频号爆品,外套,【反季清货】短款外套棉服保暖休闲百搭舒适,141497.9,直播带货 (18.6%),朵允服饰工厂店,,,,,17.5,建议优先放大头部款预算，并同步测试2-3套新素材,居家休闲
视频号爆品,外套,【旺】19304太阳花款蕾丝披肩时尚外套百搭洋气短外套百搭气质,139791.8,直播带货 (0.0%),夕阳红穿搭馆,,,,,19.4,建议优先放大头部款预算，并同步测试2-3套新素材,日常通勤
视频号爆品,外套,M 白色上衣春时尚百搭气质外套披肩百搭显瘦休闲外搭,133286.6,直播带货 (95.4%),敦绎精品女装,,,,,10.0,建议优先放大头部款预算，并同步测试2-3套新素材,日常通勤
视频号爆品,外套,云汐网纱披肩外套女夏季新款时尚百搭小外套,132315.1,直播带货 (32.1%),韩汐服饰,,,,,19.9,建议优先放大头部款预算，并同步测试2-3套新素材,换季焕新
视频号爆品,外套,【原纱防晒】锦纶冰丝防晒衣夏季薄款凉感透气紫外线女款外套防晒服,129737.9,直播带货 (11.0%),沐晞甯时尚店,,,,,49.9,建议优先放大头部款预算，并同步测试2-3套新素材,户外出游
视频号爆品,外套,高端亚麻新款马甲夏季薄款女背心修身短款无袖西装V领坎肩马夹,116302.3,直播带货 (59.1%),朵琳供应链2店,,,,,38.8,建议优先放大头部款预算，并同步测试2-3套新素材,换季焕新
视频号爆品,外套,亚麻马甲夏薄款女背心修身短款无袖西装V领坎肩马夹,111873.3,直播带货 (0.0%),朵琳供应链2店,,,,,31.9,建议优先放大头部款预算，并同步测试2-3套新素材,日常通勤
视频号爆品,外套,M 白色上衣春时尚百搭气质外套披肩百搭显瘦休闲外搭,111384.1,直播带货 (64.3%),女装衣橱6,,,,,12.4,建议优先放大头部款预算，并同步测试2-3套新素材,日常通勤
视频号爆品,外套,【外贸户外】 机能风休闲立领马甲撞色多口袋三防速干无袖外套男女潮,109070.0,直播带货 (47.6%),别空手小店,,,,,49.6,建议优先放大头部款预算，并同步测试2-3套新素材,居家休闲
视频号爆品,外套,【反季清货】2026新款外套棉服女士常规款休闲百搭,100922.1,直播带货 (68.1%),苛鱼服饰,,,,,17.4,建议优先放大头部款预算，并同步测试2-3套新素材,居家休闲
视频号爆品,背心/吊带,BUWANJUST高定棉麻圆领编织通勤百搭无袖背心B2606066Y,2366118.0,直播带货 (95.0%),Bu晚just,,,,,258.0,建议优先放大头部款预算，并同步测试2-3套新素材,日常通勤
视频号爆品,背心/吊带,【桑蚕丝-月光女神】闪光光面细肩软性舒适透气V领吊带背心,678626.2,直播带货 (2.9%),周记香云纱工厂6店,,,,,298.8,建议优先放大头部款预算，并同步测试2-3套新素材,约会社交
视频号爆品,背心/吊带,ITUU韩系通勤简约撞色背心吊带女2026夏季外穿显瘦百搭工字上衣,668178.0,直播带货 (21.0%),ITUU,,,,,35.2,建议优先放大头部款预算，并同步测试2-3套新素材,日常通勤
视频号爆品,背心/吊带,退货运补(天丝莱赛尔)免穿文胸背心.自带胸垫，显瘦藏肉 夏季必备369,588107.4,直播带货 (13.4%),韩七七服饰,,,,,42.8,建议优先放大头部款预算，并同步测试2-3套新素材,约会社交
视频号爆品,背心/吊带,【云间藏月】夏款苎麻莱赛尔混纺假两件休闲显瘦背心上衣YN4433,538310.0,直播带货 (47.7%),张一柠 3店,,,,,215.2,建议优先放大头部款预算，并同步测试2-3套新素材,约会社交
视频号爆品,背心/吊带,【老邹真丝】100%桑蚕丝145克重加捻百搭女士真丝背心6695B,459333.0,直播带货 (95.0%),老邹真丝总店,,,,,212.4,建议优先放大头部款预算，并同步测试2-3套新素材,约会社交
视频号爆品,背心/吊带,30支双曲工艺-背心-轻织日常-慕江南,369963.0,直播带货 (91.1%),慕斯慕,,,,,99.0,建议优先放大头部款预算，并同步测试2-3套新素材,约会社交
视频号爆品,背心/吊带,夏季新款韩系文艺风收腰显瘦百搭无袖背心上衣,365639.2,直播带货 (30.6%),荟文娇女装,,,,,46.6,建议优先放大头部款预算，并同步测试2-3套新素材,约会社交
视频号爆品,背心/吊带,001-夏季纯色背心夏季新品棉刺绣勾花上衣无袖文艺韩范宽松吊带,364866.5,直播带货 (72.6%),古古棉麻大码女装店,,,,,19.9,建议优先放大头部款预算，并同步测试2-3套新素材,约会社交
视频号爆品,背心/吊带,哥弟商元【天丝凉感半开扣背心】简约透气显瘦薄款夏季背心,336603.0,直播带货 (2.6%),哥弟商元小店,,,,,96.4,建议优先放大头部款预算，并同步测试2-3套新素材,日常通勤
视频号爆品,背心/吊带,夏季【三宅风龙鳞褶背心】流苏无袖藏肉显瘦简约弹力A字设计感上衣,309740.0,直播带货 (17.4%),JG裤裙二店,,,,,122.8,建议优先放大头部款预算，并同步测试2-3套新素材,日常通勤
视频号爆品,背心/吊带,夏季带胸垫外穿吊带背心女内搭遮副乳显瘦S26104,265162.0,直播带货 (70.8%),布然出品,,,,,68.9,建议优先放大头部款预算，并同步测试2-3套新素材,约会社交
视频号爆品,背心/吊带,【玄锦】衣年纯品黑色小立领龟裂纹新中式马甲背心女高端国风女装上衣潮,256043.7,直播带货 (60.5%),云舒锦衣,,,,,99.9,建议优先放大头部款预算，并同步测试2-3套新素材,约会社交
视频号爆品,背心/吊带,哥弟商元【99元两件-天丝莱赛尔宽松版背心】凉感透气遮肉夏季女,197829.0,直播带货 (48.9%),哥弟商元集团,,,,,79.3,建议优先放大头部款预算，并同步测试2-3套新素材,约会社交
视频号爆品,背心/吊带,无痕粉底液内衣女夏细肩带冰丝美背隐形文胸一体式防走光肤色背心,188660.1,直播带货 (47.1%),夏贝贝bell,,,,,69.9,建议优先放大头部款预算，并同步测试2-3套新素材,约会社交
视频号爆品,背心/吊带,新 100%汉麻透气排湿休闲百搭家居外穿汉麻吊带背心  012,179340.6,直播带货 (14.5%),时集制衣,,,,,59.9,建议优先放大头部款预算，并同步测试2-3套新素材,约会社交
视频号爆品,背心/吊带,内茵立体支撑带胸垫凉感亲肤吊带,177882.0,直播带货 (73.5%),内茵服饰专场,,,,,58.0,建议优先放大头部款预算，并同步测试2-3套新素材,约会社交
视频号爆品,背心/吊带,100%亚麻时空集高端防晒V领凉感降温百搭女士欧若风背心马甲8017,175106.0,直播带货 (12.2%),时空集甄选,,,,,88.7,建议优先放大头部款预算，并同步测试2-3套新素材,约会社交
视频号爆品,背心/吊带,彩虹多巴胺色夏季新款小众简约百搭无袖后开叉背心极简气质上衣,152621.5,直播带货 (7.1%),吴江区松陵镇权慧毛衣经营部,,,,,36.5,建议优先放大头部款预算，并同步测试2-3套新素材,日常通勤
视频号爆品,背心/吊带,丝滑垂感简约V领宽边吊带背心拉夏贝尔.03R.BY宝,137912.7,直播带货 (95.6%),拉夏贝尔她叙服饰,,,,,69.9,建议优先放大头部款预算，并同步测试2-3套新素材,日常通勤
视频号爆品,背心/吊带,小蝴蝶新中式国风夏季提花遮肉显瘦气质百搭上衣背心,137256.0,直播带货 (98.8%),语诺女装服饰,,,,,39.9,建议优先放大头部款预算，并同步测试2-3套新素材,日常通勤
视频号爆品,背心/吊带,【正版】韩系减龄设计感无袖背心吊带女2026夏季新款宽松显瘦上衣,135103.4,直播带货 (101.5%),两把刷子2号店,,,,,43.9,建议优先放大头部款预算，并同步测试2-3套新素材,约会社交
视频号爆品,背心/吊带,透气凉爽~牛奶丝圆领无袖背心   内搭外穿上衣女,134513.3,直播带货 (76.7%),澳洲羊绒浮力店,,,,,46.9,建议优先放大头部款预算，并同步测试2-3套新素材,约会社交
视频号爆品,背心/吊带,北方鹿 自带胸垫！法式蕾丝透气网纱百搭气质U型吊带背心W9970,130778.6,直播带货 (29.5%),北方鹿服饰优选店,,,,,59.1,建议优先放大头部款预算，并同步测试2-3套新素材,约会社交
视频号爆品,背心/吊带,【带胸垫款2件装】361度吊带背心带胸垫内搭遮副乳打底欧若拉春夏宽肩带百搭,127287.5,直播带货 (16.6%),361°立茹运动装备,,,,,59.9,建议优先放大头部款预算，并同步测试2-3套新素材,约会社交
视频号爆品,背心/吊带,2026夏季无袖吊带背心女夏日辣妹穿搭修身显瘦绑带不规则上衣1384,124303.9,直播带货 (62.4%),依依女装定制,,,,,25.9,建议优先放大头部款预算，并同步测试2-3套新素材,约会社交
视频号爆品,背心/吊带,草本初色张予曦同款超薄凉感女士吊带夏季内衣美背心,116321.0,直播带货 (18.3%),草本初色秀觅内衣店,,,,,57.3,建议优先放大头部款预算，并同步测试2-3套新素材,约会社交
视频号爆品,背心/吊带,【豆子推荐】8636 夏季显瘦遮副乳纯色背心休闲百搭圆领背心,112109.2,直播带货 (88.5%),BaBi家豆豆女装,,,,,49.9,建议优先放大头部款预算，并同步测试2-3套新素材,约会社交
视频号爆品,背心/吊带,莱赛尔凉感撞色 运动休闲内搭显瘦遮副乳弹力百搭无袖背心81513,111793.0,直播带货 (13.7%),川禾佰利服饰,,,,,47.0,建议优先放大头部款预算，并同步测试2-3套新素材,约会社交
视频号爆品,背心/吊带,【V领】韩系v领黑色背心女夏季外穿宽松减龄小香风无袖上衣,100148.3,直播带货 (55.3%),小窝服装,,,,,22.5,建议优先放大头部款预算，并同步测试2-3套新素材,约会社交
视频号爆品,防晒服,MISSWISS【女士小短款防晒衣】618大促 夏季轻薄冰感透气防晒服防紫外线皮肤,893776.0,直播带货 (0.1%),MissWiss慕喜服饰,,,,,290.9,建议优先放大头部款预算，并同步测试2-3套新素材,户外出游
视频号爆品,防晒服,【FOREVER SPIRIT恒境】新夏季透气情侣连帽户外休闲防晒衣HM26B141,634356.3,直播带货 (57.1%),恒境供应链三店,,,,,64.9,建议优先放大头部款预算，并同步测试2-3套新素材,户外出游
视频号爆品,防晒服,[连帽防晒衣]水陌尚连帽防晒衣女款2026新款冰爽丝滑高弹速干长袖运动,488746.1,直播带货 (50.3%),十三月服饰工厂店,,,,,87.9,建议优先放大头部款预算，并同步测试2-3套新素材,户外出游
视频号爆品,防晒服,何碧碧HB【轻薄凉感】0620 莱赛尔亚麻简约薄款休闲连帽百搭防晒衣,401030.4,直播带货 (17.6%),何碧生活号,,,,,127.1,建议优先放大头部款预算，并同步测试2-3套新素材,户外出游
视频号爆品,防晒服,【BELL HON】夏季新款显瘦长袖宽松防晒衣-BHT00073,344472.0,直播带货 (6.2%),Minimalist 极简衣橱,,,,,138.9,建议优先放大头部款预算，并同步测试2-3套新素材,居家休闲
视频号爆品,防晒服,[MM]百搭宽松潮流时尚休闲女装显瘦防晒衣长袖CXFS001,150469.9,直播带货 (29.2%),弥新高定2,,,,,29.8,建议优先放大头部款预算，并同步测试2-3套新素材,居家休闲
视频号爆品,防晒服,【专柜正品】冰感速干轻薄不闷热男女同款防晒衣-6188,146256.9,直播带货 (87.6%),CBD东方优选001,,,,,49.9,建议优先放大头部款预算，并同步测试2-3套新素材,户外出游
视频号爆品,防晒服,[运补4-8米]立领防晒衣瑜伽衣修身百搭显气质,42937.1,直播带货 (97.5%),滨黎严选,,,,,13.9,建议优先放大头部款预算，并同步测试2-3套新素材,日常通勤
视频号爆品,防晒服,M 冰丝户外遮阳衫女款短款夏季薄款骑车防晒衣披肩,32573.9,直播带货 (65.2%),GLX花棠,,,,,15.4,建议优先放大头部款预算，并同步测试2-3套新素材,户外出游
视频号爆品,牛仔裤,【轻羽薄纱】定织天丝亚麻夏季高腰显瘦牛仔裤女直筒阔腿薄款,716162.0,直播带货 (0.0%),屿你牛仔女装店,,,,,99.9,建议优先放大头部款预算，并同步测试2-3套新素材,换季焕新
视频号爆品,牛仔裤,【送腰带+运费险】ALi重工刺绣2026夏季薄款七分牛仔裤,592223.8,直播带货 (95.3%),阿瑶女装牛仔11号店,,,,,38.4,建议优先放大头部款预算，并同步测试2-3套新素材,换季焕新
视频号爆品,牛仔裤,【送腰带+运费险】重工刺绣2026夏季薄款七分牛仔裤,363090.0,直播带货 (69.3%),阿瑶女装10号店,,,,,39.9,建议优先放大头部款预算，并同步测试2-3套新素材,换季焕新
视频号爆品,牛仔裤,【爱丽丝专属】1885-2冰皮莱赛尔九分阔腿牛仔裤女2026夏季薄款小个子直筒百搭奶奶裤,230323.8,直播带货 (80.2%),青澜牛仔工厂店,,,,,89.9,建议优先放大头部款预算，并同步测试2-3套新素材,换季焕新
视频号爆品,牛仔裤,夏季浅色七分阔腿牛仔裤女薄款百搭宽松显瘦垂感直筒中裤,210216.9,直播带货 (0.3%),广州大成牛仔女装服饰,,,,,79.9,建议优先放大头部款预算，并同步测试2-3套新素材,居家休闲
视频号爆品,牛仔裤,【送黑色腰带】夏季限定“气球裤”气质显瘦遮肉弯刀牛仔裤7753 B,150155.0,直播带货 (63.6%),雪芙女装,,,,,60.0,建议优先放大头部款预算，并同步测试2-3套新素材,日常通勤
视频号爆品,牛仔裤,莎莎专属6981蓝新款2026夏季牛仔裤复古显瘦松紧腰时尚休闲八分裤,141064.5,直播带货 (2.0%),简雅牛仔服饰,,,,,59.9,建议优先放大头部款预算，并同步测试2-3套新素材,居家休闲
视频号爆品,牛仔裤,【莎莎专属】6986蓝新款2026夏季哈轮牛仔裤复古显瘦松紧腰时尚休闲七分裤,130162.7,直播带货 (14.4%),简雅牛仔服饰,,,,,59.9,建议优先放大头部款预算，并同步测试2-3套新素材,居家休闲
视频号爆品,牛仔裤,【月牙专属】现货+运费险 蓝色七分裤牛仔短裤女2026夏新款女士外穿美式休闲短裤子,128903.2,直播带货 (21.6%),景诚严选2号,,,,,66.9,建议优先放大头部款预算，并同步测试2-3套新素材,居家休闲
机会爆品,休闲裤,AP｜洛哥63271KX/63272KX【进阶版/Th*  R*w裤】羊毛系带百搭休闲裤,1000000.0,达人推广 (100.0%),AP官方旗舰店,,,,,57.1,建议优先放大头部款预算，并同步测试2-3套新素材,居家休闲
机会爆品,休闲裤,【海盐纸片裤】夏薄款超钛棉九分高腰窄版直筒裤显瘦百搭休闲裤6276,1000000.0,达人推广 (100.0%),郑州楠姐女裤厂家10店,,,,,13.3,建议优先放大头部款预算，并同步测试2-3套新素材,居家休闲
机会爆品,休闲裤,AP｜洛哥71001KC/71003KC【伐木工】精梳棉时尚休闲长裤,1000000.0,达人推广 (100.0%),AP官方旗舰店,,,,,0.0,建议优先放大头部款预算，并同步测试2-3套新素材,居家休闲
机会爆品,休闲裤,【三伏天海盐纸片裤】2026夏季新款女裤轻薄日系小个子八九分休闲裤,1000000.0,达人推广 (100.0%),依雅女裤3号店,,,,,13.3,建议优先放大头部款预算，并同步测试2-3套新素材,居家休闲
机会爆品,休闲裤,LucasEmilyLouie平平无奇棉质松紧抽绳休闲卫裤2510715,1000000.0,达人推广 (100.0%),02ran20,,,,,57.1,建议优先放大头部款预算，并同步测试2-3套新素材,居家休闲
机会爆品,休闲裤,逸阳省心线雕裤女2026年秋季新款时尚燕麦格雷显高显瘦直筒休闲裤,1000000.0,达人推广 (7.5%),逸阳官方旗舰店,,,,,57.1,建议优先放大头部款预算，并同步测试2-3套新素材,居家休闲
机会爆品,休闲裤,《WI EI》私服裤*羊绒棉舒适设计师双褶舒适阔腿休闲裤W26102305,1000000.0,达人推广 (100.0%),WI EI官方旗舰店,,,,,0.0,建议优先放大头部款预算，并同步测试2-3套新素材,居家休闲
机会爆品,休闲裤,【海盐纸片裤】夏薄款超钛棉九分高腰窄版直筒裤显瘦百搭休闲裤6276,1000000.0,达人推广 (100.0%),郑州楠姐女裤工厂8店,,,,,13.3,建议优先放大头部款预算，并同步测试2-3套新素材,居家休闲
机会爆品,休闲裤,AP｜洛哥63209KU/63215KU【海莉裤】高捻棉两色时尚休闲裤子长裤,1000000.0,达人推广 (100.0%),AP官方旗舰店,,,,,0.0,建议优先放大头部款预算，并同步测试2-3套新素材,居家休闲
机会爆品,休闲裤,AP｜洛哥63229KF常规/63230KF高妹【卡纸裤】棉直筒复古牛仔休闲裤,1000000.0,达人推广 (100.0%),AP官方旗舰店,,,,,0.0,建议优先放大头部款预算，并同步测试2-3套新素材,居家休闲
机会爆品,休闲裤,夏末初秋显瘦窄版直筒裤2026爆款高腰宽松显高时尚阔腿裤女裤长裤,1000000.0,达人推广 (100.0%),夏思火服装店,,,,,26.7,建议优先放大头部款预算，并同步测试2-3套新素材,居家休闲
机会爆品,休闲裤,PRASE·噜QC【云感裤】微胖显瘦高腰抽绳垂感时尚直筒休闲裤PR503S48,1000000.0,达人推广 (0.0%),PRASE官方旗舰店,,,,,8000.0,建议优先放大头部款预算，并同步测试2-3套新素材,居家休闲
机会爆品,休闲裤,"TWOI Cream Bear""小奶熊·小熊头系列""「奶油熊头抽绳长裤」",1000000.0,达人推广 (37.5%),TWOI Design Lab旗舰店,,,,,0.0,建议优先放大头部款预算，并同步测试2-3套新素材,居家休闲
机会爆品,休闲裤,麻色九分阔腿裤女夏季2026新款小个子亚麻直筒裤时尚百搭好看显瘦,1000000.0,达人推广 (100.0%),伊恋汇衣恋汇专卖店,,,,,26.7,建议优先放大头部款预算，并同步测试2-3套新素材,居家休闲
机会爆品,休闲裤,100纯棉早秋韩版洋气小个子薄款九分阔腿弯刀裤女高腰显瘦休闲裤,1000000.0,达人推广 (100.0%),米芮服饰工厂店,,,,,26.7,建议优先放大头部款预算，并同步测试2-3套新素材,居家休闲
机会爆品,休闲裤,妞子家韩国代购，休闲裤合集N1,1000000.0,达人推广 (100.0%),妞子家女装N,,,,,57.1,建议优先放大头部款预算，并同步测试2-3套新素材,居家休闲
机会爆品,休闲裤,syna希娜『墨影曳步』绵羊皮松紧腰弹力微喇裤,1000000.0,达人推广 (100.0%),syna女装企业店,,,,,571.4,建议优先放大头部款预算，并同步测试2-3套新素材,居家休闲
机会爆品,休闲裤,唐发发TFF 早秋新品/高腰显腿长简约百搭直筒休闲裤 826FP701 *,1000000.0,达人推广 (100.0%),TangFaFa官方旗舰店,,,,,0.0,建议优先放大头部款预算，并同步测试2-3套新素材,日常通勤
机会爆品,休闲裤,【夏季上新】定织定染天丝亚麻夏款女裤立裁挂腰窄版休闲阔腿裤加长,1000000.0,达人推广 (100.0%),池铭服饰工厂店,,,,,57.1,建议优先放大头部款预算，并同步测试2-3套新素材,居家休闲
机会爆品,休闲裤,超柔纯棉酵洗直筒裤阔腿休闲裤女2026夏季新款显瘦小个子九分裤,1000000.0,达人推广 (100.0%),会呼吸的女裤,,,,,26.7,建议优先放大头部款预算，并同步测试2-3套新素材,居家休闲
机会爆品,休闲裤,夏季新款高腰直筒女裤垂顺显瘦透气百搭休闲裤,1000000.0,达人推广 (100.0%),福缘文坊生活馆,,,,,13.3,建议优先放大头部款预算，并同步测试2-3套新素材,居家休闲
机会爆品,休闲裤,MissWiss云感垂坠阔腿裤显瘦显腿长运动裤,1000000.0,达人推广 (2500.5%),MissWiss付却专卖店,,,,,26.7,建议优先放大头部款预算，并同步测试2-3套新素材,居家休闲
机会爆品,休闲裤,【CJ.AVAStudio】简序版百搭显瘦弯刀裤宽松日常通勤休闲长裤A2862,1000000.0,达人推广 (100.0%),熊能服装工作室,,,,,0.0,建议优先放大头部款预算，并同步测试2-3套新素材,居家休闲
机会爆品,休闲裤,逸阳醋酸西装裤女2026年秋季新款显瘦显高百搭阔腿休闲通勤西装裤,1000000.0,达人推广 (2500.5%),逸阳服饰旗舰店,,,,,0.0,建议优先放大头部款预算，并同步测试2-3套新素材,日常通勤
机会爆品,休闲裤,"TWOI Design Lab ""经典必入·腿精裤""「奶油多色抽绳喇叭针织裤」",1000000.0,达人推广 (37.5%),TWOI Design Lab旗舰店,,,,,0.0,建议优先放大头部款预算，并同步测试2-3套新素材,居家休闲
机会爆品,休闲裤,COCO ZONE刘一一【莱赛尔绵羊毛】柔软休闲九分裤CF1C1564,1000000.0,达人推广 (100.0%),COCO ZONE官方旗舰店,,,,,0.0,建议优先放大头部款预算，并同步测试2-3套新素材,居家休闲
机会爆品,休闲裤,我是摩羯 丝滑云朵裤 羽光绒松紧腰休闲阔腿秋季直筒裤,1000000.0,达人推广 (100.0%),我是摩羯服饰旗舰店,,,,,0.0,建议优先放大头部款预算，并同步测试2-3套新素材,居家休闲
机会爆品,休闲裤,唐发发TFF 早秋新品/轻微弹修饰腿型灯芯绒休闲裤子女 826FP522 *,1000000.0,达人推广 (100.0%),TangFaFa官方旗舰店,,,,,0.0,建议优先放大头部款预算，并同步测试2-3套新素材,居家休闲
机会爆品,休闲裤,【优选裤】秋季新款休闲百搭高腰宽松显瘦垂感阔腿休闲裤JYXX179,1000000.0,达人推广 (100.0%),禾希女装馆,,,,,26.7,建议优先放大头部款预算，并同步测试2-3套新素材,居家休闲
机会爆品,休闲裤,老琴私服【高街风尚】莱赛尔高腰宽松显瘦百搭直筒休闲杨桃裤女7721,1000000.0,达人推广 (100.0%),GZQJ八号店,,,,,0.0,建议优先放大头部款预算，并同步测试2-3套新素材,居家休闲
机会爆品,时尚套装,“老公的荣耀”三件套女装开衫+背心+九分裤R6602,1000000.0,达人推广 (100.0%),REVAN SUN女装,,,,,57.1,建议优先放大头部款预算，并同步测试2-3套新素材,日常通勤
机会爆品,时尚套装,大码秋季新款温柔气质休闲套装女针织开衫飘带收腰吊带背心阔腿裤,1000000.0,达人推广 (100.0%),小妍微胖女装店,,,,,26.7,建议优先放大头部款预算，并同步测试2-3套新素材,日常通勤
机会爆品,时尚套装,红色正肩宽松长袖T恤女装&外穿休闲运动短裤套装Q7810#7811#,1000000.0,达人推广 (100.0%),欣亿YI,,,,,571.4,建议优先放大头部款预算，并同步测试2-3套新素材,居家休闲
机会爆品,时尚套装,龍喜儿品质【奥本海默】醋酸圆领通勤气质西装+鱼尾半裙套装M820,1000000.0,达人推广 (100.0%),AloneSavor官方旗舰店,,,,,266.7,建议优先放大头部款预算，并同步测试2-3套新素材,日常通勤
机会爆品,时尚套装,【ART ME】蔷薇镂空花型网织两色套装w26057,1000000.0,达人推广 (100.0%),artme服装专卖店,,,,,0.0,建议优先放大头部款预算，并同步测试2-3套新素材,日常通勤
机会爆品,时尚套装,Hey Here｜慵懒风开衫吊带长裤三件套休闲套装松弛遮肉显瘦,1000000.0,达人推广 (100.0%),我爱吃炸鸡块,,,,,57.1,建议优先放大头部款预算，并同步测试2-3套新素材,居家休闲
机会爆品,时尚套装,ZUOXIAOQI神话老钱纯亚麻质感小众套装55（衣长65-69/裤长103-106）,1000000.0,达人推广 (100.0%),ZUOXIAOQI尚泉服饰专卖店,,,,,0.0,建议优先放大头部款预算，并同步测试2-3套新素材,日常通勤
机会爆品,时尚套装,Z.blues【清冷独白】 绵羊毛混纺无袖针织上衣+半裙套装YZROE8729TZ,1000000.0,达人推广 (100.0%),Z.blues官方旗舰店,,,,,0.0,建议优先放大头部款预算，并同步测试2-3套新素材,换季焕新
机会爆品,时尚套装,甜酷辣妹风套装复古娃娃领收腰短袖衬衫少女感蛋糕短裙2026夏季,1000000.0,达人推广 (100.0%),追风少女studio,,,,,57.1,建议优先放大头部款预算，并同步测试2-3套新素材,日常通勤
机会爆品,时尚套装,MissAS设计师品牌特价服饰上衣下装鞋履专属链接店播专用,1000000.0,达人推广 (100.0%),MissAS Sale House,,,,,266.7,建议优先放大头部款预算，并同步测试2-3套新素材,日常通勤
机会爆品,时尚套装,范特依--【集合链接1-50】秋季新款轻奢休闲简约老钱风宽松时尚女装,1000000.0,达人推广 (100.0%),FANTEYI服饰集合店,,,,,57.1,建议优先放大头部款预算，并同步测试2-3套新素材,居家休闲
机会爆品,时尚套装,大码女装夏季胖mm波西米亚度假风休闲开衫上衣吊带连衣裙两件套装,1000000.0,达人推广 (100.0%),陈大钰博铭专卖店,,,,,57.1,建议优先放大头部款预算，并同步测试2-3套新素材,约会社交
机会爆品,时尚套装,【青森奢品】RJ店轻奢设计师女装套装SZ10354,1000000.0,达人推广 (100.0%),玉纺原创DCYZ62号店,,,,,57.1,建议优先放大头部款预算，并同步测试2-3套新素材,日常通勤
机会爆品,时尚套装,2026早秋新款法式懒庸风套装高级感韩系气质开衫吊带半裙三件套,1000000.0,达人推广 (100.0%),寻一服饰精选店,,,,,13.3,建议优先放大头部款预算，并同步测试2-3套新素材,日常通勤
机会爆品,时尚套装,【源头私服】夏装减龄女夏季法式名媛马甲阔腿裤两件套,1000000.0,达人推广 (100.0%),亦韩集,,,,,26.7,建议优先放大头部款预算，并同步测试2-3套新素材,换季焕新
机会爆品,时尚套装,【睿心纳物】【RENATHING】镂空针织套装 上衣+半裙,1000000.0,达人推广 (100.0%),RENATHING Aesthete,,,,,266.7,建议优先放大头部款预算，并同步测试2-3套新素材,换季焕新
机会爆品,时尚套装,【St.】见人自由休闲系列·螺纹棉（直筒裤版本）松弛显瘦,1000000.0,达人推广 (100.0%),圣蒙黎心,,,,,57.1,建议优先放大头部款预算，并同步测试2-3套新素材,居家休闲
机会爆品,时尚套装,从一时刻【半岛】莱赛尔棉短款风衣外套复古格子包臀半裙通勤穿搭,1000000.0,达人推广 (0.0%),从一时刻官方旗舰店,,,,,0.0,建议优先放大头部款预算，并同步测试2-3套新素材,日常通勤
机会爆品,时尚套装,时尚洋气小西装套装女2026春季新款休闲显瘦西服外套阔腿裤两件套,1000000.0,达人推广 (75.0%),小果粒服饰,,,,,57.1,建议优先放大头部款预算，并同步测试2-3套新素材,日常通勤
机会爆品,时尚套装,紫涵假两件上衣卫裤两件套2026秋季新款海军领套装女Z6Z06AW038,1000000.0,达人推广 (0.0%),紫涵官方旗舰店,,,,,266.7,建议优先放大头部款预算，并同步测试2-3套新素材,日常通勤
机会爆品,时尚套装,2026早秋新款洋气女宽松显瘦百搭气质高档衣服裤子时尚大码两件套,1000000.0,达人推广 (100.0%),赫衣访,,,,,57.1,建议优先放大头部款预算，并同步测试2-3套新素材,日常通勤
机会爆品,时尚套装,Janie Yee奶粉套装-灰色 慵懒松弛感大卫衣卫裤两件套秋26A3838,1000000.0,达人推广 (100.0%),景奕女装一店,,,,,0.0,建议优先放大头部款预算，并同步测试2-3套新素材,居家休闲
机会爆品,时尚套装,大码胖mm女装夏季小清新碎花度假风连衣裙木耳边开衫套装辣妹,1000000.0,达人推广 (100.0%),鑫旺达大码女装,,,,,57.1,建议优先放大头部款预算，并同步测试2-3套新素材,约会社交
机会爆品,时尚套装,REC AND REU【黑标团宠套装】Am/Vtg16针圆|V|连帽卫衣|半身裙|卫裤,1000000.0,达人推广 (100.0%),RECANDREU,,,,,0.0,建议优先放大头部款预算，并同步测试2-3套新素材,日常通勤
机会爆品,时尚套装,INS CEC夏季绝美风收腰蕾丝修身衬衫女显瘦宽松阔腿裤时尚套装,1000000.0,达人推广 (100.0%),INS CEC服饰旗舰店,,,,,0.0,建议优先放大头部款预算，并同步测试2-3套新素材,日常通勤
机会爆品,时尚套装,【莫奈花园】YeYe早秋气质收腰法式修身女装设计感套装261123-1,1000000.0,达人推广 (100.0%),椰椰5号店铺,,,,,57.1,建议优先放大头部款预算，并同步测试2-3套新素材,日常通勤
机会爆品,时尚套装,法式极简风高奢感时尚轻职女装圆领通勤气质西装+鱼尾半身裙套装,1000000.0,达人推广 (100.0%),奈小雪,,,,,0.0,建议优先放大头部款预算，并同步测试2-3套新素材,日常通勤
机会爆品,时尚套装,【青森专属】RJ店轻奢设计师女装套装SZ10392,1000000.0,达人推广 (100.0%),怡芳原创DLXF36号店,,,,,0.0,建议优先放大头部款预算，并同步测试2-3套新素材,日常通勤
机会爆品,时尚套装,早秋三件套韩版气质吊带外披慵懒松弛感阔腿裤休闲裤,1000000.0,达人推广 (100.0%),蕾蕾姐工厂店6店,,,,,57.1,建议优先放大头部款预算，并同步测试2-3套新素材,居家休闲
机会爆品,时尚套装,2026夏季新款时尚圆领短袖假两件T恤+松紧腰显瘦阔腿裤两件套女潮,1000000.0,达人推广 (100.0%),楠森峤诗巷女装专卖店,,,,,57.1,建议优先放大头部款预算，并同步测试2-3套新素材,换季焕新
机会爆品,针织衫/毛衣/羊毛衫,Freeday vintage*「喇叭堆袖」合身 毛织 上衣,1000000.0,达人推广 (100.0%),Freeday Vintage,,,,,26.7,建议优先放大头部款预算，并同步测试2-3套新素材,换季焕新
机会爆品,针织衫/毛衣/羊毛衫,AP｜洛哥63133ST【桃酥】山羊绒圆领多色时尚休闲长袖针织套头衫,1000000.0,达人推广 (100.0%),AP官方旗舰店,,,,,57.1,建议优先放大头部款预算，并同步测试2-3套新素材,居家休闲
机会爆品,针织衫/毛衣/羊毛衫,AP｜洛哥63121SK【棕蓝旧序】羊毛V领撞色条纹宽松时尚百搭针织开衫,1000000.0,达人推广 (100.0%),AP官方旗舰店,,,,,57.1,建议优先放大头部款预算，并同步测试2-3套新素材,居家休闲
机会爆品,针织衫/毛衣/羊毛衫,AP｜洛哥63105ST/53084ST【从绒/云柔时光】羊绒桑蚕丝轻薄长袖套衫,1000000.0,达人推广 (100.0%),AP官方旗舰店,,,,,57.1,建议优先放大头部款预算，并同步测试2-3套新素材,户外出游
机会爆品,针织衫/毛衣/羊毛衫,AP｜洛哥63108ST绵羊毛+棉镂空半开襟小立领时尚百搭针织套头衫,1000000.0,达人推广 (100.0%),AP官方旗舰店,,,,,57.1,建议优先放大头部款预算，并同步测试2-3套新素材,换季焕新
机会爆品,针织衫/毛衣/羊毛衫,DALI PLUS重磅海军风条纹立领毛衣外套 浮雕金扣针织开衫SD601566,1000000.0,达人推广 (100.0%),DALI PLUS女装旗舰店,,,,,57.1,建议优先放大头部款预算，并同步测试2-3套新素材,换季焕新
机会爆品,针织衫/毛衣/羊毛衫,AP｜洛哥63119ST【白糖麻花】山羊绒+桑蚕丝绞花圆领时尚百搭套头衫,1000000.0,达人推广 (100.0%),AP官方旗舰店,,,,,0.0,建议优先放大头部款预算，并同步测试2-3套新素材,换季焕新
机会爆品,针织衫/毛衣/羊毛衫,简约高级感藏青色天丝POLO领女装莱赛尔短袖夏季薄款针织T恤上衣,1000000.0,达人推广 (100.0%),ZJCT服饰旗舰店,,,,,26.7,建议优先放大头部款预算，并同步测试2-3套新素材,换季焕新
机会爆品,针织衫/毛衣/羊毛衫,Z.blues【绒化你】意式慵懒真丝羊绒卷边长袖毛织上衣YZDFDG0631,1000000.0,达人推广 (100.0%),Z.blues女装旗舰店,,,,,266.7,建议优先放大头部款预算，并同步测试2-3套新素材,居家休闲
机会爆品,针织衫/毛衣/羊毛衫,NiannNiann 26早秋新品女装圆领针织亚麻羊毛梅里雪山毛衣17356,1000000.0,达人推广 (100.0%),NIANN NIANN服饰旗舰店,,,,,0.0,建议优先放大头部款预算，并同步测试2-3套新素材,换季焕新
机会爆品,针织衫/毛衣/羊毛衫,PEACHZHOU 羊毛大肚特种纱粗针宽松短款连帽拉链毛衣外套6QW61185,1000000.0,达人推广 (100.0%),PEACHZHOU女装旗舰店,,,,,0.0,建议优先放大头部款预算，并同步测试2-3套新素材,换季焕新
机会爆品,针织衫/毛衣/羊毛衫,A600-A699苏苏定制针织毛针织衫翻领百搭针织百搭上衣,1000000.0,达人推广 (100.0%),万瑞服饰女装店,,,,,13.3,建议优先放大头部款预算，并同步测试2-3套新素材,换季焕新
机会爆品,针织衫/毛衣/羊毛衫,百搭休闲欧版针织衫,1000000.0,达人推广 (100.0%),拉拉品店,,,,,57.1,建议优先放大头部款预算，并同步测试2-3套新素材,居家休闲
机会爆品,针织衫/毛衣/羊毛衫,AP洛哥54258ST/-1【慕斯蛋糕大版】羊绒+桑蚕丝圆领多色时尚套头衫,1000000.0,达人推广 (100.0%),AP官方旗舰店,,,,,571.4,建议优先放大头部款预算，并同步测试2-3套新素材,换季焕新
机会爆品,针织衫/毛衣/羊毛衫,气质撞色假两件针织开衫2026年秋季新款显瘦宽松百搭大码女装2013,1000000.0,达人推广 (100.0%),五号女装,,,,,57.1,建议优先放大头部款预算，并同步测试2-3套新素材,日常通勤
机会爆品,针织衫/毛衣/羊毛衫,TUDJ「莫代尔和纸纱」纸片人巨显瘦针织短袖T恤夏季轻柔凉感上衣女,1000000.0,达人推广 (100.0%),TUDJ高定女装店,,,,,57.1,建议优先放大头部款预算，并同步测试2-3套新素材,换季焕新
机会爆品,针织衫/毛衣/羊毛衫,AP｜洛哥54257SK【绒梦】羊绒+桑蚕丝V领柔软时尚针织开衫25冬/女装,1000000.0,达人推广 (100.0%),AP官方旗舰店,,,,,571.4,建议优先放大头部款预算，并同步测试2-3套新素材,换季焕新
机会爆品,针织衫/毛衣/羊毛衫,A500-A599苏苏定制针织毛针织衫翻领百搭针织百搭上衣,1000000.0,达人推广 (100.0%),万瑞服饰女装店,,,,,13.3,建议优先放大头部款预算，并同步测试2-3套新素材,换季焕新
机会爆品,针织衫/毛衣/羊毛衫,【初见】XINFENZI 超细精纺羊毛半高领毛衣 51241,1000000.0,达人推广 (100.0%),XINFENZI新芬子官方旗舰店,,,,,0.0,建议优先放大头部款预算，并同步测试2-3套新素材,换季焕新
机会爆品,针织衫/毛衣/羊毛衫,HHYB Hello2026韩系简约半高领短袖针织衫女春夏新款修身M2097,1000000.0,达人推广 (100.0%),HHYB,,,,,26.7,建议优先放大头部款预算，并同步测试2-3套新素材,日常通勤
机会爆品,针织衫/毛衣/羊毛衫,AP｜洛哥64134ST【甜麻花】羊毛+亚麻+桑蚕丝卷边小圆领绞花套头衫,1000000.0,达人推广 (100.0%),AP官方旗舰店,,,,,266.7,建议优先放大头部款预算，并同步测试2-3套新素材,换季焕新
机会爆品,针织衫/毛衣/羊毛衫,AP｜洛哥63099ST【大动脉】棉卷边圆领多色时尚休闲百搭长袖套头衫,1000000.0,达人推广 (100.0%),AP官方旗舰店,,,,,0.0,建议优先放大头部款预算，并同步测试2-3套新素材,居家休闲
机会爆品,针织衫/毛衣/羊毛衫,Y·H 韩系圆领落肩针织背心夏季薄款显瘦气质通勤上衣YL-273749,1000000.0,达人推广 (100.0%),深圳南油高定服饰2店,,,,,57.1,建议优先放大头部款预算，并同步测试2-3套新素材,日常通勤
机会爆品,针织衫/毛衣/羊毛衫,精品高货针织衫浮力800-899【部分没有水洗唛，介意者不拍】（捌玥）,1000000.0,达人推广 (100.0%),一诺的拉绒馆,,,,,57.1,建议优先放大头部款预算，并同步测试2-3套新素材,换季焕新
机会爆品,针织衫/毛衣/羊毛衫,FVOFV【小蛮腰】莱赛尔+棉！柔软修身显瘦亲肤保暖小蛮腰拉链衫J241,1000000.0,达人推广 (100.0%),FVOFV女装旗舰店,,,,,57.1,建议优先放大头部款预算，并同步测试2-3套新素材,换季焕新
机会爆品,针织衫/毛衣/羊毛衫,syna希娜 100羊绒V领绞花菱格大麻花开衫,1000000.0,达人推广 (100.0%),syna女装企业店,,,,,1333.3,建议优先放大头部款预算，并同步测试2-3套新素材,换季焕新
机会爆品,针织衫/毛衣/羊毛衫,2026大连帽新款开衫长款针织衫大码百搭韩版中长款毛衣AH699,1000000.0,达人推广 (100.0%),濮院毛衣基地,,,,,26.7,建议优先放大头部款预算，并同步测试2-3套新素材,换季焕新
机会爆品,针织衫/毛衣/羊毛衫,AP｜洛哥54258ST/-1【慕斯蛋糕大版】羊绒+桑蚕丝圆领多色简约套头衫,1000000.0,达人推广 (100.0%),AP女装旗舰店,,,,,571.4,建议优先放大头部款预算，并同步测试2-3套新素材,日常通勤
机会爆品,针织衫/毛衣/羊毛衫,AP｜洛哥53128ST/-1 羊驼毛+羊毛横向条纹圆领毛边设计时尚套头衫,1000000.0,达人推广 (100.0%),AP女装旗舰店,,,,,0.0,建议优先放大头部款预算，并同步测试2-3套新素材,换季焕新
机会爆品,针织衫/毛衣/羊毛衫,syna希娜『缱绻柔光』100绵羊毛温柔风V领针织毛衣,1000000.0,达人推广 (100.0%),syna女装企业店,,,,,266.7,建议优先放大头部款预算，并同步测试2-3套新素材,换季焕新
机会爆品,其他天然皮草,SAGA✖AP｜洛哥64083CS【梦中情貂】进口水貂+桑蚕丝里衬V领皮草外套,1000000.0,达人推广 (100.0%),AP官方旗舰店,,,,,2666.7,建议优先放大头部款预算，并同步测试2-3套新素材,换季焕新
机会爆品,其他天然皮草,海宁水貂外套女热销款合集26888,1000000.0,达人推广 (100.0%),潘婷儿皮草5店,,,,,571.4,建议优先放大头部款预算，并同步测试2-3套新素材,换季焕新
机会爆品,其他天然皮草,ZIMBAL✖AP｜洛哥63056CS进口水貂+桑蚕丝里衬连帽皮草外套,1000000.0,达人推广 (100.0%),AP官方旗舰店,,,,,2666.7,建议优先放大头部款预算，并同步测试2-3套新素材,换季焕新
机会爆品,其他天然皮草,之柔【诸神之神】进口奢华貂绒两面穿秋冬气质长袖连帽女士保暖外套,1000000.0,达人推广 (100.0%),之柔官方旗舰店,,,,,2666.7,建议优先放大头部款预算，并同步测试2-3套新素材,换季焕新
机会爆品,其他天然皮草,贵气减龄｜芬兰进口轻奢显贵连帽落肩水貂皮草外套FF71838,1000000.0,达人推广 (100.0%),凡舒高奢,,,,,2666.7,建议优先放大头部款预算，并同步测试2-3套新素材,换季焕新
机会爆品,其他天然皮草,【层叠艺术】2026新款天鹅绒水貂毛整貂皮马甲女时尚洋气女外套,1000000.0,达人推广 (100.0%),颖儿皮草5店,,,,,571.4,建议优先放大头部款预算，并同步测试2-3套新素材,换季焕新
机会爆品,其他天然皮草,"ASHLEYASS ""横排宝嘉美""原色母貂水貂皮草马甲外套女秋冬ASX5323",1000000.0,达人推广 (100.0%),ashleyass官方旗舰店,,,,,2666.7,建议优先放大头部款预算，并同步测试2-3套新素材,换季焕新
机会爆品,其他天然皮草,AP｜洛哥63046CC【黑标系列】进口拉贡羊皮毛一体双面穿立领时尚外套,1000000.0,达人推广 (100.0%),AP官方旗舰店,,,,,1333.3,建议优先放大头部款预算，并同步测试2-3套新素材,换季焕新
机会爆品,其他天然皮草,SAGA✖AP｜洛哥64071CS/-1【冷萃】进口水貂+桑蚕丝里衬V领皮草外套,1000000.0,达人推广 (100.0%),AP官方旗舰店,,,,,8000.0,建议优先放大头部款预算，并同步测试2-3套新素材,换季焕新
机会爆品,其他天然皮草,Le Samedi马油叶儿【黑曜鱼尾】Zimbal x LS早鸟宝嘉美皮草外套,1000000.0,达人推广 (100.0%),Le Samedi官方旗舰店,,,,,8000.0,建议优先放大头部款预算，并同步测试2-3套新素材,换季焕新
机会爆品,其他天然皮草,SAGA✖AP｜洛哥64096CS【庄园貂】进口水貂+桑蚕丝内里小立领皮草马夹,1000000.0,达人推广 (100.0%),AP官方旗舰店,,,,,1333.3,建议优先放大头部款预算，并同步测试2-3套新素材,日常通勤
机会爆品,其他天然皮草,之柔【雪域远征】进口奢华水貂拼OLMETEX两面可穿高奢气质女士上衣,1000000.0,达人推广 (100.0%),之柔官方旗舰店,,,,,8000.0,建议优先放大头部款预算，并同步测试2-3套新素材,日常通勤
机会爆品,其他天然皮草,SAGA×AP丨洛哥54088CS/-1【大寒】进口水貂+蚕丝里衬连帽皮草外套,1000000.0,达人推广 (100.0%),AP官方旗舰店,,,,,8000.0,建议优先放大头部款预算，并同步测试2-3套新素材,换季焕新
机会爆品,其他天然皮草,KC天然皮草-专拍 人生皮草,1000000.0,达人推广 (0.0%),KC皮草旗舰店,,,,,2666.7,建议优先放大头部款预算，并同步测试2-3套新素材,日常通勤
机会爆品,其他天然皮草,海宁新款进口水貂毛立翻领斜排外套整貂貂皮女皮草,1000000.0,达人推广 (100.0%),冉芬水貂,,,,,1333.3,建议优先放大头部款预算，并同步测试2-3套新素材,换季焕新
机会爆品,其他天然皮草,之柔【蓝宝石 马甲】进口高奢特种稀有原色水貂时尚优雅马甲外套女,1000000.0,达人推广 (100.0%),之柔官方旗舰店,,,,,8000.0,建议优先放大头部款预算，并同步测试2-3套新素材,换季焕新
机会爆品,其他天然皮草,颖儿【柏林老钱】2026新款天鹅绒极简主义全抽刀V领天然皮草外套女,1000000.0,达人推广 (100.0%),颖儿皮草5店,,,,,2666.7,建议优先放大头部款预算，并同步测试2-3套新素材,换季焕新
机会爆品,其他天然皮草,海宁2026真貂整貂网红爆款新工艺小红书时尚V领女水貂皮草,1000000.0,达人推广 (100.0%),海宁柒达水貂,,,,,1333.3,建议优先放大头部款预算，并同步测试2-3套新素材,日常通勤
机会爆品,其他天然皮草,维维【轻熟主义】新款进口天鹅绒短二水貂V领斜排轻奢女士水貂外套,1000000.0,达人推广 (100.0%),ViVi皮草1店,,,,,2666.7,建议优先放大头部款预算，并同步测试2-3套新素材,换季焕新
机会爆品,其他天然皮草,之柔【雾浓雪山】进口高奢特种稀有银兰3XP水貂优雅气质皮草外套女,1000000.0,达人推广 (100.0%),之柔官方旗舰店,,,,,8000.0,建议优先放大头部款预算，并同步测试2-3套新素材,日常通勤
机会爆品,其他天然皮草,【知久xJCSO】【黑曜石】进口圆领宝嘉美水貂皮毛一体女CdMP6675NL,1000000.0,达人推广 (100.0%),JCSO 十一店,,,,,2666.7,建议优先放大头部款预算，并同步测试2-3套新素材,日常通勤
机会爆品,其他天然皮草,ZIMBAL×AP丨洛哥54146CS【 传承貂】进口水貂毛+桑蚕丝内里皮草外套,1000000.0,达人推广 (100.0%),AP官方旗舰店,,,,,8000.0,建议优先放大头部款预算，并同步测试2-3套新素材,换季焕新
机会爆品,其他天然皮草,syna进口水貂毛皮短二皇冠天鹅绒水貂马甲,1000000.0,达人推广 (100.0%),syna女装企业店,,,,,2666.7,建议优先放大头部款预算，并同步测试2-3套新素材,日常通勤
机会爆品,其他天然皮草,之柔【夜宴】进口斯瓦卡拉拼宝嘉美毛领新中式奢华气质女士皮草外套,1000000.0,达人推广 (100.0%),之柔官方旗舰店,,,,,8000.0,建议优先放大头部款预算，并同步测试2-3套新素材,日常通勤
机会爆品,其他天然皮草,【方梨】新款斜排工艺V领进口水貂,1000000.0,达人推广 (100.0%),方梨服饰1店,,,,,1333.3,建议优先放大头部款预算，并同步测试2-3套新素材,日常通勤
机会爆品,其他天然皮草,syna希娜 进口雪绒皇冠天鹅绒短二重工XXP色水貂马甲,1000000.0,达人推广 (100.0%),syna女装企业店,,,,,2666.7,建议优先放大头部款预算，并同步测试2-3套新素材,日常通勤
机会爆品,其他天然皮草,【豆萌】『巴黎诗集』进口整貂真水貂新款2026蝙蝠袖大版冬季皮草外套,1000000.0,达人推广 (100.0%),豆萌DOUMENG,,,,,2666.7,建议优先放大头部款预算，并同步测试2-3套新素材,换季焕新
机会爆品,其他天然皮草,【慧慧】2026新款进口紫金短二小母貂V领斜排整皮整版外套2553,1000000.0,达人推广 (100.0%),莎菲皮草,,,,,2666.7,建议优先放大头部款预算，并同步测试2-3套新素材,换季焕新
机会爆品,其他天然皮草,【男友怀抱】2026新款进口天鹅绒整貂全抽刀连帽领时尚天然皮草大衣,1000000.0,达人推广 (100.0%),星慕然服饰,,,,,8000.0,建议优先放大头部款预算，并同步测试2-3套新素材,日常通勤
机会爆品,其他天然皮草,颖儿【实穿主义4.0】新款整貂天鹅绒级水貂V领挽袖天然皮草外套女,1000000.0,达人推广 (100.0%),颖儿皮草5店,,,,,2666.7,建议优先放大头部款预算，并同步测试2-3套新素材,换季焕新
机会爆品,羽绒服,【鎏光泡芙】90鹅绒波司登情侣款显瘦时尚百搭休闲酷黑流光羽绒服,1000000.0,达人推广 (0.2%),波司登官方旗舰店,,,,,0.0,建议优先放大头部款预算，并同步测试2-3套新素材,居家休闲
机会爆品,羽绒服,雅鹿中长款红色羽绒服2026新款反季保暖加厚款90绒洋气百搭外套女,1000000.0,达人推广 (0.0%),雅鹿女装旗舰店,,,,,26.7,建议优先放大头部款预算，并同步测试2-3套新素材,换季焕新
机会爆品,羽绒服,爆款热卖丨【波司登90绒】新款百搭时尚男女款保暖中长款羽绒服冬季,1000000.0,达人推广 (0.0%),波司登武汉专卖店,,,,,0.0,建议优先放大头部款预算，并同步测试2-3套新素材,日常通勤
机会爆品,羽绒服,波司登冬季高端腰带鹅绒谷爱凌同款长款过膝连帽90绒羽绒服,1000000.0,达人推广 (0.0%),波司登女子旗舰店,,,,,0.0,建议优先放大头部款预算，并同步测试2-3套新素材,日常通勤
机会爆品,羽绒服,【反季羽绒服】雪中飞新款中长款羽绒服休闲冬季加厚保暖GQ0216,1000000.0,达人推广 (0.0%),雪中飞官方旗舰店,,,,,57.1,建议优先放大头部款预算，并同步测试2-3套新素材,居家休闲
机会爆品,羽绒服,【百搭款暖心印迹】波司登90绒简约百搭时尚休闲运动保暖羽绒服,1000000.0,达人推广 (0.2%),波司登官方旗舰店,,,,,0.0,建议优先放大头部款预算，并同步测试2-3套新素材,日常通勤
机会爆品,羽绒服,【收腰鹅绒服】波司登90鹅绒长款修身羽绒服商务含腰带反季外套女装,1000000.0,达人推广 (0.0%),波司登上海专卖店,,,,,266.7,建议优先放大头部款预算，并同步测试2-3套新素材,换季焕新
机会爆品,羽绒服,YAYA/鸭鸭【冰淇淋系列】26新款90绒羽绒服冬季时尚休闲加厚短款,1000000.0,达人推广 (0.1%),鸭鸭冰淇淋官方旗舰店,,,,,57.1,建议优先放大头部款预算，并同步测试2-3套新素材,居家休闲
机会爆品,羽绒服,【政府补贴】雪中飞男女同款冬季时尚休闲长款羽绒服X250140258X,1000000.0,达人推广 (0.0%),雪中飞运动户外旗舰店,,,,,57.1,建议优先放大头部款预算，并同步测试2-3套新素材,居家休闲
机会爆品,羽绒服,【政府补贴】雪中飞乐享冰雪系列男女同款羽绒服GQX260240260X,1000000.0,达人推广 (1.8%),雪中飞官方旗舰店,,,,,0.0,建议优先放大头部款预算，并同步测试2-3套新素材,日常通勤
机会爆品,羽绒服,坦博尔反季羽绒服新国标90绒时尚女气质长款廓形入冬出片外套862Z,1000000.0,达人推广 (0.0%),坦博尔官方旗舰店,,,,,0.0,建议优先放大头部款预算，并同步测试2-3套新素材,日常通勤
机会爆品,羽绒服,【冰雪运动】波司登90绒26年新款羽绒服保暖时尚百搭外出新款外套,1000000.0,达人推广 (0.0%),波司登女装旗舰店,,,,,0.0,建议优先放大头部款预算，并同步测试2-3套新素材,换季焕新
机会爆品,羽绒服,【波司登】流光鹅绒超厚顶奢冬季高端线宽松商务连帽90绒子羽绒服,1000000.0,达人推广 (0.0%),波司登女子旗舰店,,,,,266.7,建议优先放大头部款预算，并同步测试2-3套新素材,居家休闲
机会爆品,羽绒服,冬季新款中长款连帽加厚保暖百搭休闲羽绒服时尚宽松韩版过膝,1000000.0,达人推广 (0.0%),La Chapelle city强歌羽绒服专卖店,,,,,57.1,建议优先放大头部款预算，并同步测试2-3套新素材,居家休闲
机会爆品,羽绒服,YAYA/鸭鸭2026年新款韩版时尚百搭洋气今年流行的90绒皮衣羽绒服,1000000.0,达人推广 (0.0%),鸭鸭精选女装旗舰店,,,,,57.1,建议优先放大头部款预算，并同步测试2-3套新素材,日常通勤
机会爆品,羽绒服,【鎏光·小泡芙】波司登26年秋季女新款90鹅绒轻奢时尚显瘦羽绒服,1000000.0,达人推广 (0.0%),波司登官方旗舰店,,,,,266.7,建议优先放大头部款预算，并同步测试2-3套新素材,日常通勤
机会爆品,羽绒服,【FUNFUN】秋冬95鸭绒羊毛拼接时尚通勤休闲保暖羽绒外套MY2566,1000000.0,达人推广 (100.0%),FUNFUN BEAUTY服装旗舰店,,,,,57.1,建议优先放大头部款预算，并同步测试2-3套新素材,换季焕新
机会爆品,羽绒服,YAYA/鸭鸭【小雪花系列】羽绒服女2026反季连帽保暖外套YE5B604701E,1000000.0,达人推广 (0.0%),鸭鸭YAYA SINCE1972官方旗舰店,,,,,57.1,建议优先放大头部款预算，并同步测试2-3套新素材,换季焕新
机会爆品,羽绒服,波司登秋冬季新款必买羽绒服女款短款休闲显瘦轻暖外套B250135304,1000000.0,达人推广 (0.0%),波司登潮流羽绒服旗舰店,,,,,0.0,建议优先放大头部款预算，并同步测试2-3套新素材,换季焕新
机会爆品,羽绒服,【静奢风】波司登90鹅绒时尚通勤收腰显瘦长款保暖连帽白色羽绒服女,1000000.0,达人推广 (0.0%),波司登户外旗舰店,,,,,571.4,建议优先放大头部款预算，并同步测试2-3套新素材,日常通勤
机会爆品,羽绒服,【零压2.0视频同款】波司登秋冬时尚轻奢休闲过膝长款燕麦格雷羽绒,1000000.0,达人推广 (0.0%),波司登官方旗舰店,,,,,266.7,建议优先放大头部款预算，并同步测试2-3套新素材,居家休闲
机会爆品,羽绒服,【零压2.0】波司登反季轻暖百搭宽松连帽加厚款90绒羽绒服女5924XS,1000000.0,达人推广 (0.0%),波司登奥莱旗舰店,,,,,266.7,建议优先放大头部款预算，并同步测试2-3套新素材,居家休闲
机会爆品,羽绒服,【玛罗兰】反季特价正品羽绒服新中式 花好月圆小外套,1000000.0,达人推广 (100.0%),玛罗兰羽绒服江苏总仓,,,,,57.1,建议优先放大头部款预算，并同步测试2-3套新素材,换季焕新
机会爆品,羽绒服,【骆驼轻羽】骆驼轻羽连帽轻薄排骨羽绒服外套秋冬新款90白鸭绒反季,1000000.0,达人推广 (0.0%),骆驼牌羽绒服旗舰店,,,,,0.0,建议优先放大头部款预算，并同步测试2-3套新素材,换季焕新
机会爆品,羽绒服,YAYA/鸭鸭【冰淇淋系列】26新款90绒羽绒服韩版时尚短款休闲百搭,1000000.0,达人推广 (0.0%),鸭鸭冰淇淋官方旗舰店,,,,,0.0,建议优先放大头部款预算，并同步测试2-3套新素材,居家休闲
机会爆品,羽绒服,波司登反季羽绒服90绒冬季新款时尚运动外套情侣加厚蓄热科技短款,1000000.0,达人推广 (0.0%),波司登辽宁专卖店,,,,,266.7,建议优先放大头部款预算，并同步测试2-3套新素材,换季焕新
机会爆品,羽绒服,波司登【爆款百搭】90绒情侣经典休闲连帽加厚保暖简约中长款羽绒服,1000000.0,达人推广 (0.0%),波司登武汉专卖店,,,,,266.7,建议优先放大头部款预算，并同步测试2-3套新素材,日常通勤
机会爆品,羽绒服,【波司登】2026秋冬新款女粉彩风显瘦百搭时尚保暖羽绒服外套5112XS,1000000.0,达人推广 (0.0%),波司登苏州专卖店,,,,,266.7,建议优先放大头部款预算，并同步测试2-3套新素材,换季焕新
机会爆品,羽绒服,【达人】坦博尔女短款千金风保暖羽绒服小众潮流女装TB5530330Z,1000000.0,达人推广 (100.0%),坦博尔时尚户外在现女装专卖店,,,,,266.7,建议优先放大头部款预算，并同步测试2-3套新素材,日常通勤
机会爆品,羽绒服,【原歌】女排鹅 新国标90白鹅绒排骨轻薄羽绒服女YG1048,1000000.0,达人推广 (100.0%),原歌初遇衣橱,,,,,0.0,建议优先放大头部款预算，并同步测试2-3套新素材,户外出游
机会爆品,皮衣,唐发发TFF 早秋新品【扭扭皮衣】土耳其绵羊皮复古外套 826FF496 *,1000000.0,达人推广 (100.0%),TangFaFa官方旗舰店,,,,,266.7,建议优先放大头部款预算，并同步测试2-3套新素材,换季焕新
机会爆品,皮衣,LucasEmilyLouie复古简约时尚立领拉链宽松皮衣机车夹克2610809,1000000.0,达人推广 (100.0%),LELANDU,,,,,266.7,建议优先放大头部款预算，并同步测试2-3套新素材,日常通勤
机会爆品,皮衣,深棕复古老钱风松弛感宽松皮衣 LW51295,1000000.0,达人推广 (100.0%),绮裳韵服装店,,,,,571.4,建议优先放大头部款预算，并同步测试2-3套新素材,居家休闲
机会爆品,皮衣,"""经典收藏""胎牛皮/羊皮猎装皮衣女秋复古旅行者夹克外套ASX5501",1000000.0,达人推广 (100.0%),ashleyass官方旗舰店,,,,,571.4,建议优先放大头部款预算，并同步测试2-3套新素材,换季焕新
机会爆品,皮衣,LucasEmilyLouie复古简约经典翻领黑色牛皮西服皮衣外套2610796,1000000.0,达人推广 (100.0%),LELANDU,,,,,571.4,建议优先放大头部款预算，并同步测试2-3套新素材,日常通勤
机会爆品,皮衣,NiannNiann 26早秋新品女装复古时髦可立领进口原创油蜡皮衣17288,1000000.0,达人推广 (100.0%),NIANN NIANN服饰旗舰店,,,,,571.4,建议优先放大头部款预算，并同步测试2-3套新素材,日常通勤
机会爆品,皮衣,NiannNiann 26早秋新品复古休闲拉链进口绒感羊皮衣17051,1000000.0,达人推广 (100.0%),NIANN NIANN服饰旗舰店,,,,,571.4,建议优先放大头部款预算，并同步测试2-3套新素材,居家休闲
机会爆品,皮衣,「梦中情皮」进口羊皮黑色连帽抽绳收腰皮衣26SSJ3563,1000000.0,达人推广 (100.0%),yy的轻奢服饰店,,,,,266.7,建议优先放大头部款预算，并同步测试2-3套新素材,日常通勤
机会爆品,皮衣,【多元姿态】付智恩 曼城都会 进口羊皮立领外套短款真皮皮衣,1000000.0,达人推广 (0.0%),付智恩官方旗舰店,,,,,571.4,建议优先放大头部款预算，并同步测试2-3套新素材,换季焕新
机会爆品,皮衣,我是摩羯 扭扭皮衣 土耳其进口羊皮革轻涂植鞣秋皮衣外套,1000000.0,达人推广 (100.0%),我是摩羯服饰旗舰店,,,,,571.4,建议优先放大头部款预算，并同步测试2-3套新素材,换季焕新
机会爆品,皮衣,AP｜洛哥64085PY/64086PY【双版本】羊皮小立领黑色时尚休闲皮衣,1000000.0,达人推广 (100.0%),AP官方旗舰店,,,,,1333.3,建议优先放大头部款预算，并同步测试2-3套新素材,居家休闲
机会爆品,皮衣,杨圣坤“澳洲鎏金棕 墨尔本的秋天”立领绵羊皮皮衣外套K2607-8001,1000000.0,达人推广 (100.0%),DRYSK女装9店,,,,,571.4,建议优先放大头部款预算，并同步测试2-3套新素材,换季焕新
机会爆品,皮衣,以赛亚 黑珍珠 秋冬复古老钱风短款方领山羊皮真皮双拉链皮衣2599,1000000.0,达人推广 (100.0%),以赛亚百顺店,,,,,266.7,建议优先放大头部款预算，并同步测试2-3套新素材,换季焕新
机会爆品,皮衣,【ART ME】新西兰超质感绵羊皮革收腰立体剪裁两色皮衣外套w26054,1000000.0,达人推广 (100.0%),artme服装专卖店,,,,,571.4,建议优先放大头部款预算，并同步测试2-3套新素材,换季焕新
机会爆品,皮衣,uffie于绘 秋日序曲 美拉德复古巧克力短款皮外套,1000000.0,达人推广 (100.0%),uffie,,,,,1333.3,建议优先放大头部款预算，并同步测试2-3套新素材,换季焕新
机会爆品,皮衣,绒8/15【千艺-Studio】“集合链接”“对准编码”冬季海宁设计夹克外套,1000000.0,达人推广 (100.0%),千艺皮草精选,,,,,266.7,建议优先放大头部款预算，并同步测试2-3套新素材,换季焕新
机会爆品,皮衣,AP｜洛哥64083PY【黑标/中扭扭皮衣】进口植鞣绵羊皮翻领时尚皮衣,1000000.0,达人推广 (100.0%),AP官方旗舰店,,,,,571.4,建议优先放大头部款预算，并同步测试2-3套新素材,日常通勤
机会爆品,皮衣,【英国】进口头层 山羊皮外套 领口两色皮衣,1000000.0,达人推广 (100.0%),Meikeer可儿,,,,,571.4,建议优先放大头部款预算，并同步测试2-3套新素材,换季焕新
机会爆品,皮衣,【多元姿态】付智恩 曼城都会 进口羊皮立领外套短款真皮皮衣,1000000.0,达人推广 (0.0%),付智恩女装旗舰店,,,,,571.4,建议优先放大头部款预算，并同步测试2-3套新素材,换季焕新
机会爆品,皮衣,AP｜洛哥64077PY【黑标系列】进口清水羊皮新中式盘扣褶皱肌理皮衣,1000000.0,达人推广 (100.0%),AP官方旗舰店,,,,,1333.3,建议优先放大头部款预算，并同步测试2-3套新素材,日常通勤
机会爆品,皮衣,Licht Bestreben 刘一一 羊皮革复古皮衣LB2C0018,1000000.0,达人推广 (100.0%),LichtBestreben,,,,,571.4,建议优先放大头部款预算，并同步测试2-3套新素材,日常通勤
机会爆品,皮衣,AP｜洛哥54016PW【黑标/主理人】土耳其进口超薄牛皮翻领皮衣外套,1000000.0,达人推广 (100.0%),AP女装旗舰店,,,,,1333.3,建议优先放大头部款预算，并同步测试2-3套新素材,换季焕新
机会爆品,皮衣,锁-BAYBERYL老贝热可可*拉贡连帽厚休闲拉链冬一体皮衣PY5K2202,1000000.0,达人推广 (100.0%),BAYBERYL官方旗舰店,,,,,2666.7,建议优先放大头部款预算，并同步测试2-3套新素材,居家休闲
机会爆品,皮衣,手工擦色娃娃领头层皮短外套 LW64097,1000000.0,达人推广 (100.0%),绮裳韵服装店,,,,,1333.3,建议优先放大头部款预算，并同步测试2-3套新素材,换季焕新
机会爆品,皮衣,LucasEmilyLouie复古新西兰发泡羊皮夹克皮衣外套2511245,1000000.0,达人推广 (100.0%),02ran20,,,,,1333.3,建议优先放大头部款预算，并同步测试2-3套新素材,换季焕新
机会爆品,皮衣,AP｜洛哥63080PY-A/63081PY-A【扭转乾坤 短扭】手工抓褶短款皮衣,1000000.0,达人推广 (100.0%),AP官方旗舰店,,,,,571.4,建议优先放大头部款预算，并同步测试2-3套新素材,日常通勤
机会爆品,皮衣,【由米推荐】9758新款时尚百搭设计师款式上衣皮衣女士皮衣-L,1000000.0,达人推广 (100.0%),迪艾服装店,,,,,266.7,建议优先放大头部款预算，并同步测试2-3套新素材,日常通勤
机会爆品,皮衣,Z.blues【橄榄旷野】印度进口混种羊反绒皮衣YZIS6051,1000000.0,达人推广 (100.0%),Z.blues官方旗舰店,,,,,1333.3,建议优先放大头部款预算，并同步测试2-3套新素材,日常通勤
机会爆品,皮衣,ME【荔枝机车皮衣】英国进口混种绵羊皮反绒轻软时尚皮衣MEHA0216,1000000.0,达人推广 (100.0%),ME官方旗舰店,,,,,1333.3,建议优先放大头部款预算，并同步测试2-3套新素材,日常通勤
机会爆品,皮衣,Z.blues【钟意你】chao薄进口头层绵羊皮 纽扣皮衣YZAEE6033,1000000.0,达人推广 (100.0%),Z.blues官方旗舰店,,,,,1333.3,建议优先放大头部款预算，并同步测试2-3套新素材,日常通勤
机会爆品,牛仔裤,明星日记【重磅推荐】泼墨牛仔背带裤女复古做旧宽松阔腿连体裤,1000000.0,达人推广 (100.0%),明星日记女装旗舰店,,,,,57.1,建议优先放大头部款预算，并同步测试2-3套新素材,居家休闲
机会爆品,牛仔裤,逸阳弯刀解构牛仔裤女2026秋季新款遮肉显瘦复古棉弹燕麦格雷长裤,1000000.0,达人推广 (2500.5%),逸阳官方旗舰店,,,,,57.1,建议优先放大头部款预算，并同步测试2-3套新素材,日常通勤
机会爆品,牛仔裤,36859夏季樱桃刺绣高腰显瘦阔腿牛仔裤女,1000000.0,达人推广 (3.8%),南油NY困困,,,,,8000.0,建议优先放大头部款预算，并同步测试2-3套新素材,换季焕新
机会爆品,牛仔裤,【抹茶奶冻】亚麻绿软牛仔裤女早秋款高腰宽松垂感小个子直筒显瘦,1000000.0,达人推广 (100.0%),库思玛女装旗舰店,,,,,26.7,建议优先放大头部款预算，并同步测试2-3套新素材,居家休闲
机会爆品,牛仔裤,【轻羽薄纱】定织天丝亚麻秋季高腰显瘦牛仔裤裤子直筒阔腿薄款,1000000.0,达人推广 (100.0%),曼依颂女装企业店,,,,,26.7,建议优先放大头部款预算，并同步测试2-3套新素材,日常通勤
机会爆品,牛仔裤,唐发发TFF 早秋新品/绵羊毛混纺经典百搭中腰直筒牛仔裤826FJ528*,1000000.0,达人推广 (100.0%),TangFaFa官方旗舰店,,,,,0.0,建议优先放大头部款预算，并同步测试2-3套新素材,日常通勤
机会爆品,牛仔裤,易梦玲同款美式低腰微喇牛仔裤女秋2026新款辣妹显瘦喇叭裤子,1000000.0,达人推广 (100.0%),Denim淑娅琦,,,,,26.7,建议优先放大头部款预算，并同步测试2-3套新素材,日常通勤
机会爆品,牛仔裤,美式双腰扣不贴腿微喇牛仔裤女2026新款小众显瘦百搭低腰直筒裤子,1000000.0,达人推广 (100.0%),YIHOO,,,,,26.7,建议优先放大头部款预算，并同步测试2-3套新素材,日常通勤
机会爆品,牛仔裤,2026夏季新款水洗卡其色牛仔裤女爆款中腰显瘦宽松大阔腿裤子女,1000000.0,达人推广 (100.0%),KeKe可可服装,,,,,26.7,建议优先放大头部款预算，并同步测试2-3套新素材,居家休闲
机会爆品,牛仔裤,LucasEmilyLouie极简时尚阔腿百搭软糯吊腿原牛靴裤2610831,1000000.0,达人推广 (100.0%),LELANDU,,,,,266.7,建议优先放大头部款预算，并同步测试2-3套新素材,日常通勤
机会爆品,牛仔裤,美拉德棕咖色弯刀牛仔裤女2026夏秋新款高腰宽松显瘦休闲阔腿裤子,1000000.0,达人推广 (100.0%),MZVZ女装店,,,,,26.7,建议优先放大头部款预算，并同步测试2-3套新素材,居家休闲
机会爆品,牛仔裤,【运费险+三寸翘】2026夏季新微胖不贴腿松弛微喇裤显瘦微喇牛仔裤,1000000.0,达人推广 (100.0%),潇萧大码女装,,,,,26.7,建议优先放大头部款预算，并同步测试2-3套新素材,换季焕新
机会爆品,牛仔裤,王家有鱼【本期主推】复古蓝竹节棉阔腿裤女2026秋季新款显瘦牛仔裤,1000000.0,达人推广 (3.8%),王家有鱼官方旗舰店,,,,,57.1,建议优先放大头部款预算，并同步测试2-3套新素材,日常通勤
机会爆品,牛仔裤,唐发发TFF 早秋新品/工字扣撞钉破洞绣花九分牛仔裤女 826FJ647 *,1000000.0,达人推广 (100.0%),TangFaFa官方旗舰店,,,,,0.0,建议优先放大头部款预算，并同步测试2-3套新素材,日常通勤
机会爆品,牛仔裤,美式复古双腰扣不贴腿微喇牛仔裤女秋季高个子加长百搭低腰直筒裤,1000000.0,达人推广 (100.0%),Denim琪琦女装,,,,,26.7,建议优先放大头部款预算，并同步测试2-3套新素材,日常通勤
机会爆品,牛仔裤,大婉酱微胖定制【防掉色牛仔】复古阔腿直筒百搭显瘦牛仔裤秋 5890D,1000000.0,达人推广 (100.0%),大婉酱女装旗舰店,,,,,266.7,建议优先放大头部款预算，并同步测试2-3套新素材,日常通勤
机会爆品,牛仔裤,拉夏贝尔早秋蚕丝丹宁蓝缎光软牛仔裤女款爆款2026新款窄版直筒裤,1000000.0,达人推广 (2500.5%),拉夏贝尔La Chapelle璟怡女装专卖店,,,,,57.1,建议优先放大头部款预算，并同步测试2-3套新素材,日常通勤
机会爆品,牛仔裤,大码美式复古宽松破洞竹节纹弯刀牛仔裤女cleanfit直筒阔腿长裤潮,1000000.0,达人推广 (100.0%),高个子牛仔供应链,,,,,26.7,建议优先放大头部款预算，并同步测试2-3套新素材,居家休闲
机会爆品,牛仔裤,唐发发TFF 早秋新品/渐变落色复古做旧狗啃翻边牛仔裤 826FJ601 *,1000000.0,达人推广 (100.0%),TangFaFa官方旗舰店,,,,,266.7,建议优先放大头部款预算，并同步测试2-3套新素材,日常通勤
机会爆品,牛仔裤,LucasEmilyLouie复古时尚洗水绝对大长腿裤牛仔裤2610759,1000000.0,达人推广 (100.0%),LELANDU,,,,,266.7,建议优先放大头部款预算，并同步测试2-3套新素材,日常通勤
机会爆品,牛仔裤,《姚家优麦汇》K9307早秋款直筒弯刀牛仔裤休闲时尚洋气百搭裤女,1000000.0,达人推广 (100.0%),姚家优麦汇店铺,,,,,57.1,建议优先放大头部款预算，并同步测试2-3套新素材,居家休闲
机会爆品,牛仔裤,王家有鱼【定格】复古蓝微喇裤女款26秋季新款通勤风提臀显瘦牛仔裤,1000000.0,达人推广 (100.0%),叶嘉欣jeans王家有鱼,,,,,57.1,建议优先放大头部款预算，并同步测试2-3套新素材,日常通勤
机会爆品,牛仔裤,乔栈复古丹宁蓝丰胯掐腰九分微喇牛仔裤女秋季爆款盖袋提臀显瘦裤,1000000.0,达人推广 (100.0%),乔栈官方旗舰店,,,,,57.1,建议优先放大头部款预算，并同步测试2-3套新素材,日常通勤
机会爆品,牛仔裤,Z.blues【出圈牛仔】同频道 原低腰抽绳直筒牛仔裤YZIIIC210,1000000.0,达人推广 (100.0%),Z.blues官方旗舰店,,,,,0.0,建议优先放大头部款预算，并同步测试2-3套新素材,日常通勤
机会爆品,牛仔裤,2026春夏季新款美式高腰双色牛仔女宽松显瘦水洗垂感拖地阔腿裤,1000000.0,达人推广 (100.0%),三石服饰工厂店,,,,,26.7,建议优先放大头部款预算，并同步测试2-3套新素材,居家休闲
机会爆品,牛仔裤,【ART ME】必入毛边裤超百搭完美比例高腰九分两色牛仔裤w26049,1000000.0,达人推广 (100.0%),artme服装专卖店,,,,,0.0,建议优先放大头部款预算，并同步测试2-3套新素材,日常通勤
机会爆品,牛仔裤,"ROMI STUDIO""微喇牛仔""水洗渐变复古中高腰插袋牛仔裤RWDAX65008",1000000.0,达人推广 (100.0%),ROMI STUDIO官方旗舰店,,,,,266.7,建议优先放大头部款预算，并同步测试2-3套新素材,日常通勤
机会爆品,牛仔裤,大码复古美式做旧竹节纹弯刀牛仔裤女低腰宽松显瘦阔腿拖地裤子,1000000.0,达人推广 (100.0%),木兮原创牛仔,,,,,57.1,建议优先放大头部款预算，并同步测试2-3套新素材,居家休闲
机会爆品,牛仔裤,【亚麻轻纱】老钱风天丝亚麻质感编织纹理牛仔裤女秋季款垂感阔腿裤,1000000.0,达人推广 (75.0%),库思玛女装旗舰店,,,,,57.1,建议优先放大头部款预算，并同步测试2-3套新素材,日常通勤
机会爆品,牛仔裤,逸阳弯刀解构裤26年女秋季新款高腰显瘦显高气质燕麦格雷牛仔裤,1000000.0,达人推广 (0.0%),逸阳优品女装旗舰店,,,,,0.0,建议优先放大头部款预算，并同步测试2-3套新素材,日常通勤
机会爆品,其他外套,AP｜洛哥63092WT 【老炮儿大版卫衣】棉连帽抽绳多色卫衣外套,1000000.0,达人推广 (100.0%),AP官方旗舰店,,,,,57.1,建议优先放大头部款预算，并同步测试2-3套新素材,换季焕新
机会爆品,其他外套,唐发发TFF “小斗绒”三重拉毛桑蚕丝羊绒混纺皮毛外套 826FW726 *,1000000.0,达人推广 (100.0%),TangFaFa官方旗舰店,,,,,266.7,建议优先放大头部款预算，并同步测试2-3套新素材,换季焕新
机会爆品,其他外套,AP｜洛哥53191WT【限量/男友怀抱】棉撞色灯芯绒翻领复古工装风外套,1000000.0,达人推广 (100.0%),AP官方旗舰店,,,,,266.7,建议优先放大头部款预算，并同步测试2-3套新素材,换季焕新
机会爆品,其他外套,马登美式巴恩风卡其撞色翻领底特律工装夹克美高短外套上衣女士秋,1000000.0,达人推广 (100.0%),马登女装旗舰店,,,,,57.1,建议优先放大头部款预算，并同步测试2-3套新素材,换季焕新
机会爆品,其他外套,【放价了】AFRESHM77【韩代】宽松大版糖果色加绒加厚外套中Y0396,1000000.0,达人推广 (100.0%),毛毛服装6号店,,,,,1333.3,建议优先放大头部款预算，并同步测试2-3套新素材,换季焕新
机会爆品,其他外套,A26016-2026初秋女士连帽外套,1000000.0,达人推广 (100.0%),青岛美丽外贸卫衣优选,,,,,57.1,建议优先放大头部款预算，并同步测试2-3套新素材,换季焕新
机会爆品,其他外套,AP｜洛哥61052WT外套/54328KQ八分裤【休闲话题】黑标羊毛山羊绒套装,1000000.0,达人推广 (100.0%),AP官方旗舰店,,,,,0.0,建议优先放大头部款预算，并同步测试2-3套新素材,居家休闲
机会爆品,其他外套,唐发发TFF【小狗’Komatsu】小众轻便保暖立领短款外套女 826FW510 -,1000000.0,达人推广 (100.0%),TangFaFa for U,,,,,266.7,建议优先放大头部款预算，并同步测试2-3套新素材,换季焕新
机会爆品,其他外套,唐发发TFF【小狗’Komatsu】简约轻薄防水透气3M棉外套女 826FW730 -,1000000.0,达人推广 (100.0%),TangFaFa for U,,,,,571.4,建议优先放大头部款预算，并同步测试2-3套新素材,户外出游
机会爆品,其他外套,Z.blues【钟意你环保版】时髦围裹式 纽扣仿皮质感外套YZAEE6033A,1000000.0,达人推广 (100.0%),Z.blues官方旗舰店,,,,,266.7,建议优先放大头部款预算，并同步测试2-3套新素材,换季焕新
机会爆品,其他外套,AP｜洛哥63070SK 羊绒连帽正肩合身版时尚百搭休闲拉链开衫,1000000.0,达人推广 (100.0%),AP官方旗舰店,,,,,266.7,建议优先放大头部款预算，并同步测试2-3套新素材,居家休闲
机会爆品,其他外套,NiannNiann 26早秋新品女装复古其他通勤松弛感四杠拉链外套17284,1000000.0,达人推广 (100.0%),NIANN NIANN服饰旗舰店,,,,,266.7,建议优先放大头部款预算，并同步测试2-3套新素材,日常通勤
机会爆品,其他外套,唐发发TFF 早秋新品/轻盈零负重英国头层绵羊皮外套 826FF735 *,1000000.0,达人推广 (100.0%),TangFaFa官方旗舰店,,,,,571.4,建议优先放大头部款预算，并同步测试2-3套新素材,换季焕新
机会爆品,其他外套,yiyiya.Guo艺艺吖【双非遗·初见云纱】香云纱立领斜襟外套20031SS52,1000000.0,达人推广 (100.0%),YIYIYAGUO服饰搭配9店2,,,,,266.7,建议优先放大头部款预算，并同步测试2-3套新素材,换季焕新
机会爆品,其他外套,AP｜洛哥54241WT【丝滑黑巧】毛绒绒连帽时尚简约百搭外套,1000000.0,达人推广 (100.0%),AP女装旗舰店,,,,,266.7,建议优先放大头部款预算，并同步测试2-3套新素材,日常通勤
机会爆品,其他外套,唐发发TFF 早秋新品/埃塞俄比亚混种反绒皮落肩外套女 826FW495 *,1000000.0,达人推广 (100.0%),TangFaFa官方旗舰店,,,,,1333.3,建议优先放大头部款预算，并同步测试2-3套新素材,换季焕新
机会爆品,其他外套,【倾月】XINFENZI 苏丹进口羊反绒翻领长外套皮衣 51877,1000000.0,达人推广 (100.0%),XINFENZI女装旗舰店,,,,,1333.3,建议优先放大头部款预算，并同步测试2-3套新素材,换季焕新
机会爆品,其他外套,【古典之城】夹克秋冬季立领减龄简约宽松型外套,1000000.0,达人推广 (100.0%),C老板精品店,,,,,0.0,建议优先放大头部款预算，并同步测试2-3套新素材,换季焕新
机会爆品,其他外套,AP｜洛哥54232WT【限量/穿梭巡视】棉混纺立领工装风做旧油蜡外套,1000000.0,达人推广 (100.0%),AP女装旗舰店,,,,,571.4,建议优先放大头部款预算，并同步测试2-3套新素材,换季焕新
机会爆品,其他外套,Dorugee【风起】2026年新款收腰风衣外套双色设计感,1000000.0,达人推广 (100.0%),Dorugee 季桃,,,,,266.7,建议优先放大头部款预算，并同步测试2-3套新素材,换季焕新
机会爆品,其他外套,冬季皮草加厚兔毛保暖外套秋冬慵懒时尚59737,1000000.0,达人推广 (100.0%),丹妮公主服饰店铺,,,,,0.0,建议优先放大头部款预算，并同步测试2-3套新素材,换季焕新
机会爆品,其他外套,【暖梨】XINFENZI 经典立领百搭羊皮外套 51832,1000000.0,达人推广 (100.0%),XINFENZI女装旗舰店,,,,,571.4,建议优先放大头部款预算，并同步测试2-3套新素材,换季焕新
机会爆品,其他外套,AP｜洛哥54217WT【墨绒绒】黑标/毛绒立领拉链纯色时尚休闲百搭外套,1000000.0,达人推广 (100.0%),AP官方旗舰店,,,,,266.7,建议优先放大头部款预算，并同步测试2-3套新素材,居家休闲
机会爆品,其他外套,AP｜洛哥54238WZ【精英圈层/宽松松弛版】亚麻+绵羊毛翻驳领气质西装,1000000.0,达人推广 (100.0%),AP女装旗舰店,,,,,571.4,建议优先放大头部款预算，并同步测试2-3套新素材,日常通勤
机会爆品,其他外套,【原歌】轻奢气质百搭V领短款毛毛外套女YG26343,1000000.0,达人推广 (100.0%),静时原歌,,,,,0.0,建议优先放大头部款预算，并同步测试2-3套新素材,日常通勤
机会爆品,其他外套,syna希娜『云蓝杉予』棉莱赛尔金扣明线牛仔外套,1000000.0,达人推广 (100.0%),syna女装企业店,,,,,571.4,建议优先放大头部款预算，并同步测试2-3套新素材,换季焕新
机会爆品,其他外套,AP｜洛哥53242WJ【限量/亮点】棉红色连帽抽绳工装风油蜡感时尚夹克,1000000.0,达人推广 (100.0%),AP女装旗舰店,,,,,571.4,建议优先放大头部款预算，并同步测试2-3套新素材,换季焕新
机会爆品,其他外套,【小雨的店】【201 】2026秋冬新款韩系百搭甜美风外套,1000000.0,达人推广 (100.0%),小雨的二号店,,,,,26.7,建议优先放大头部款预算，并同步测试2-3套新素材,换季焕新
机会爆品,其他外套,syna希娜『雾野静闲』三醋收腰连帽精致编织花边休闲外套,1000000.0,达人推广 (100.0%),syna女装企业店,,,,,571.4,建议优先放大头部款预算，并同步测试2-3套新素材,居家休闲
机会爆品,其他外套,唐发发TFF 定织锦棉色织提花灯芯绒撞色3M暖棉外套 826FW734 -,1000000.0,达人推广 (100.0%),TangFaFa for U,,,,,571.4,建议优先放大头部款预算，并同步测试2-3套新素材,换季焕新
机会爆品,T恤/Polo衫,马登美高V领连帽半拉链卫衣短款修身显瘦长袖T恤打底衫上衣女士秋,1000000.0,达人推广 (100.0%),马登女装旗舰店,,,,,10.0,建议优先放大头部款预算，并同步测试2-3套新素材,日常通勤
机会爆品,T恤/Polo衫,韩系大码遮肉蝙蝠袖亨利领短袖/长袖女秋夏抽褶收腰显瘦透气上衣,1000000.0,达人推广 (100.0%),茧凡服饰2店,,,,,10.0,建议优先放大头部款预算，并同步测试2-3套新素材,户外出游
机会爆品,T恤/Polo衫,"TWOI Cream Bear ""碎花小奶熊系列""「奶油白碎花小熊长袖圆领衫」",1000000.0,达人推广 (0.0%),TWOI Design Lab旗舰店,,,,,57.1,建议优先放大头部款预算，并同步测试2-3套新素材,日常通勤
机会爆品,T恤/Polo衫,"TWOI Cream Bear ""舒适熊袍系列""「奶油多色奶熊头宽松舒适中袍」",1000000.0,达人推广 (0.0%),TWOI Design Lab旗舰店,,,,,57.1,建议优先放大头部款预算，并同步测试2-3套新素材,居家休闲
机会爆品,T恤/Polo衫,"TWOI Design Lab""BABY ZOO 系列""「奶油babyzoo家族满印短袖」",1000000.0,达人推广 (0.0%),TWOI Design Lab旗舰店,,,,,57.1,建议优先放大头部款预算，并同步测试2-3套新素材,日常通勤
机会爆品,T恤/Polo衫,妞子家韩国代购.上衣合集Nn,1000000.0,达人推广 (100.0%),妞子家女装N,,,,,26.7,建议优先放大头部款预算，并同步测试2-3套新素材,日常通勤
机会爆品,T恤/Polo衫,2026早秋新款韩系后背领标U领修身显瘦百搭中袖T恤女上衣1418,1000000.0,达人推广 (100.0%),喜乐多女装工厂,,,,,10.0,建议优先放大头部款预算，并同步测试2-3套新素材,日常通勤
机会爆品,T恤/Polo衫,8.8【Chicen.1】001-100显瘦气质甜美韩系上衣,1000000.0,达人推广 (100.0%),美美韩品小店,,,,,13.3,建议优先放大头部款预算，并同步测试2-3套新素材,日常通勤
机会爆品,T恤/Polo衫,syna希娜『星野柔风』舒适百搭长袖T恤半裙套装,1000000.0,达人推广 (100.0%),syna女装企业店,,,,,0.0,建议优先放大头部款预算，并同步测试2-3套新素材,居家休闲
机会爆品,T恤/Polo衫,8.14【Chicen.1】001-100显瘦气质甜美韩系上衣,1000000.0,达人推广 (100.0%),云城韩物精选,,,,,13.3,建议优先放大头部款预算，并同步测试2-3套新素材,日常通勤
机会爆品,T恤/Polo衫,MBNL-F/秦磊女装 “春日肌理Tee” 羊毛定织百搭短袖T恤 XM-XSY4030,1000000.0,达人推广 (75.0%),秦磊官方旗舰店,,,,,57.1,建议优先放大头部款预算，并同步测试2-3套新素材,日常通勤
机会爆品,T恤/Polo衫,焦糖碎感 '  47莫代尔47棉 荷叶边V领秋季七分袖修身上衣83688,1000000.0,达人推广 (100.0%),YUYUEER,,,,,2666.7,建议优先放大头部款预算，并同步测试2-3套新素材,日常通勤
机会爆品,T恤/Polo衫,妞子家韩国代购.上衣合集X,1000000.0,达人推广 (100.0%),妞子家女装Q,,,,,26.7,建议优先放大头部款预算，并同步测试2-3套新素材,日常通勤
机会爆品,T恤/Polo衫,【现货现发】【山梨假日】压褶圆领背心女夏季法式气质挂脖无袖上衣,1000000.0,达人推广 (100.0%),涵安娜女装旗舰店,,,,,26.7,建议优先放大头部款预算，并同步测试2-3套新素材,日常通勤
机会爆品,T恤/Polo衫,"TWOI Cream Bear""小奶熊·美好事物系列""「正反三背印花美好事物包」",1000000.0,达人推广 (0.0%),TWOI Design Lab旗舰店,,,,,0.0,建议优先放大头部款预算，并同步测试2-3套新素材,日常通勤
机会爆品,T恤/Polo衫,8.16【Chicen.1】001-100显瘦气质甜美韩系上衣,1000000.0,达人推广 (100.0%),云城韩物精选,,,,,26.7,建议优先放大头部款预算，并同步测试2-3套新素材,日常通勤
机会爆品,T恤/Polo衫,"TWOI Cream Bear ""小奶熊·小熊头系列""「奶油黑熊头长袖半裙合集」",1000000.0,达人推广 (0.0%),TWOI Design Lab旗舰店,,,,,0.0,建议优先放大头部款预算，并同步测试2-3套新素材,日常通勤
机会爆品,T恤/Polo衫,2026夏季新款女中袖圆领修身T恤正肩辣妹显瘦百搭高弹上衣女82309,1000000.0,达人推广 (100.0%),智燃派女装店,,,,,13.3,建议优先放大头部款预算，并同步测试2-3套新素材,换季焕新
机会爆品,T恤/Polo衫,LucasEmilyLouie简约时尚百搭休闲百搭短袖拉毛绒正肩T恤2610708,1000000.0,达人推广 (100.0%),LELANDU,,,,,57.1,建议优先放大头部款预算，并同步测试2-3套新素材,日常通勤
机会爆品,T恤/Polo衫,新中式圆领 蓝底腰果花提花中袖【S01】,1000000.0,达人推广 (100.0%),秋玉服饰商行,,,,,57.1,建议优先放大头部款预算，并同步测试2-3套新素材,日常通勤
机会爆品,T恤/Polo衫,"TWOI Cream Bear ""经典大熊头系列""「奶油wer大熊头短袖」",1000000.0,达人推广 (0.0%),TWOI Design Lab旗舰店,,,,,0.0,建议优先放大头部款预算，并同步测试2-3套新素材,日常通勤
机会爆品,T恤/Polo衫,MARDI MAJORA夏季新款小雏菊印花长袖T恤休闲风女士显瘦上衣,1000000.0,达人推广 (100.0%),MARDI MAJORA运动户外旗舰店,,,,,57.1,建议优先放大头部款预算，并同步测试2-3套新素材,居家休闲
机会爆品,T恤/Polo衫,MISU/糜素设计感不规则斗篷披肩夏季新款独特小众薄款T恤上衣女潮,1000000.0,达人推广 (100.0%),糜素服装旗舰店,,,,,26.7,建议优先放大头部款预算，并同步测试2-3套新素材,换季焕新
机会爆品,T恤/Polo衫,MARDI MAJORA早秋新款印花百搭显瘦长袖T女士雏菊罩衫MDT2622033,1000000.0,达人推广 (100.0%),MARDI MAJORA漫汐淇服饰专卖店,,,,,57.1,建议优先放大头部款预算，并同步测试2-3套新素材,日常通勤
机会爆品,T恤/Polo衫,纯色U领简搭竹节棉短袖t恤女夏季新款修身气质显瘦百搭时尚上衣,1000000.0,达人推广 (100.0%),源奕女装工厂2店,,,,,13.3,建议优先放大头部款预算，并同步测试2-3套新素材,日常通勤
机会爆品,T恤/Polo衫,美式小领口短袖洗水纯棉T恤潮流夏季薄款宽松休闲上衣百搭,1000000.0,达人推广 (75.0%),实体小艾家服饰店,,,,,571.4,建议优先放大头部款预算，并同步测试2-3套新素材,居家休闲
机会爆品,T恤/Polo衫,马登新疆棉瘦瘦T美高V领正肩短袖修身黑白色t恤凉感天丝上衣女夏,1000000.0,达人推广 (100.0%),马登女装旗舰店,,,,,26.7,建议优先放大头部款预算，并同步测试2-3套新素材,日常通勤
机会爆品,T恤/Polo衫,8.7【Chicen.1】001-100显瘦气质甜美韩系上衣,1000000.0,达人推广 (100.0%),粉柚韩系衣橱,,,,,26.7,建议优先放大头部款预算，并同步测试2-3套新素材,日常通勤
机会爆品,T恤/Polo衫,NAMO.T时尚天丝亚麻POLO领长袖针织衫NH509C326,1000000.0,达人推广 (100.0%),NAMO.T官方旗舰店,,,,,0.0,建议优先放大头部款预算，并同步测试2-3套新素材,换季焕新
机会爆品,T恤/Polo衫,【A701-A800】韩系设计款小众高级感气质女装T恤,1000000.0,达人推广 (100.0%),炫炫ONIIJOY女装,,,,,26.7,建议优先放大头部款预算，并同步测试2-3套新素材,日常通勤
机会爆品,大衣,Z.blues【本命大衣】骆驼绒澳毛桑蚕丝混纺 毛呢大衣外套YZAIUE001,1000000.0,达人推广 (100.0%),Z.blues官方旗舰店,,,,,0.0,建议优先放大头部款预算，并同步测试2-3套新素材,换季焕新
机会爆品,大衣,AP｜洛哥53222SK【芝麻流心】山羊绒+马海毛连帽无缝编织针织开衫,1000000.0,达人推广 (100.0%),AP女装旗舰店,,,,,266.7,建议优先放大头部款预算，并同步测试2-3套新素材,换季焕新
机会爆品,大衣,【娇娇推荐00】双面呢外套羊毛呢大衣,1000000.0,达人推广 (100.0%),妙辰羊绒大衣辰振店,,,,,0.0,建议优先放大头部款预算，并同步测试2-3套新素材,换季焕新
机会爆品,大衣,三只小山羊【12期免息 杨幂同款 经典123】大衣100纯羊绒可选里衬※,1000000.0,达人推广 (0.0%),三只小山羊官方旗舰店,,,,,2666.7,建议优先放大头部款预算，并同步测试2-3套新素材,日常通勤
机会爆品,大衣,「7色马甲套装」伊迪卡2026春秋冬中长款双面羊毛大衣直筒休闲百搭,1000000.0,达人推广 (100.0%),伊迪卡茉莉服饰店,,,,,57.1,建议优先放大头部款预算，并同步测试2-3套新素材,居家休闲
机会爆品,大衣,AP｜洛哥54025DY【人生大衣】黑标/山羊绒青果领腰带气质时尚长大衣,1000000.0,达人推广 (100.0%),AP女装旗舰店,,,,,1333.3,建议优先放大头部款预算，并同步测试2-3套新素材,日常通勤
机会爆品,大衣,【娇娇推荐00】双面呢外套羊毛呢大衣,1000000.0,达人推广 (100.0%),妙辰羊绒大衣辰振店,,,,,266.7,建议优先放大头部款预算，并同步测试2-3套新素材,换季焕新
机会爆品,大衣,BAYBERYL老贝AC大衣*哥伦布羊绒羊毛排扣双面呢大衣MF6F2301-8/15,1000000.0,达人推广 (100.0%),BAYBERYL官方旗舰店,,,,,571.4,建议优先放大头部款预算，并同步测试2-3套新素材,日常通勤
机会爆品,大衣,【逅卫】【双面双穿】含山羊绒大衣百搭格纹连帽时尚通勤外套158011,1000000.0,达人推广 (100.0%),逅卫的衣橱,,,,,0.0,建议优先放大头部款预算，并同步测试2-3套新素材,日常通勤
机会爆品,大衣,三只小山羊短款123  双面带里衬100纯羊绒大衣秋冬简约外套※,1000000.0,达人推广 (3.8%),三只小山羊官方旗舰店,,,,,2666.7,建议优先放大头部款预算，并同步测试2-3套新素材,换季焕新
机会爆品,大衣,余潇潇【盛世豪门】羊绒桑蚕丝羊毛混纺拼接定染水貂保暖舒适大衣,1000000.0,达人推广 (100.0%),余潇潇官方旗舰店,,,,,1333.3,建议优先放大头部款预算，并同步测试2-3套新素材,居家休闲
机会爆品,大衣,AP｜洛哥53018FY【探险家风衣】棉+山羊绒翻领后开叉百搭时尚长风衣,1000000.0,达人推广 (100.0%),AP女装旗舰店,,,,,571.4,建议优先放大头部款预算，并同步测试2-3套新素材,日常通勤
机会爆品,大衣,我是摩羯 优雅世家 100支羊毛山羊绒天丝混纺圆领秋大衣,1000000.0,达人推广 (100.0%),我是摩羯服饰旗舰店,,,,,266.7,建议优先放大头部款预算，并同步测试2-3套新素材,日常通勤
机会爆品,大衣,【法曼萱】双排扣双面羊毛大衣女2026冬季高智感学院风毛呢外套,1000000.0,达人推广 (100.0%),法曼萱服装旗舰店,,,,,266.7,建议优先放大头部款预算，并同步测试2-3套新素材,换季焕新
机会爆品,大衣,【MPAM】长款连帽宽松法式浴袍风大衣双面气质羊毛大衣女717,1000000.0,达人推广 (100.0%),MPAM官方旗舰店,,,,,0.0,建议优先放大头部款预算，并同步测试2-3套新素材,日常通勤
机会爆品,大衣,李大美【柔绒漫野】26秋冬新款山羊绒+桑蚕丝+绵羊毛大衣外套-2623,1000000.0,达人推广 (100.0%),李大美高端羊绒工厂店恭店,,,,,266.7,建议优先放大头部款预算，并同步测试2-3套新素材,换季焕新
机会爆品,大衣,山羊絨极简慵懒青果领长款气质系带大衣外套女 LW52036,1000000.0,达人推广 (100.0%),绮裳韵服装店,,,,,2666.7,建议优先放大头部款预算，并同步测试2-3套新素材,日常通勤
机会爆品,大衣,7LU【双面两穿】兔毛桑蚕丝正版美利奴绵羊毛双面手工大衣,1000000.0,达人推广 (100.0%),7LUStudios设计原创大衣店,,,,,266.7,建议优先放大头部款预算，并同步测试2-3套新素材,日常通勤
机会爆品,大衣,7LU【100羊毛】清仓款韩版彩色大衣外套,1000000.0,达人推广 (100.0%),巴城大衣仓储店,,,,,0.0,建议优先放大头部款预算，并同步测试2-3套新素材,换季焕新
机会爆品,大衣,2026欧美春秋新款流行高端过膝牛仔25189大衣外套衣服洋气,1000000.0,达人推广 (100.0%),橙美丽5店,,,,,0.0,建议优先放大头部款预算，并同步测试2-3套新素材,换季焕新
机会爆品,大衣,2026秋冬新款羊毛大衣韩版老钱随性慵懒风,1000000.0,达人推广 (100.0%),ANNIE GRACE安妮 格蕾丝羊绒服饰,,,,,266.7,建议优先放大头部款预算，并同步测试2-3套新素材,居家休闲
机会爆品,大衣,余潇潇【华贵时光】轻奢羊绒桑蚕丝羊毛混纺拼接水貂连帽浴袍式大衣,1000000.0,达人推广 (75.0%),余潇潇官方旗舰店,,,,,8000.0,建议优先放大头部款预算，并同步测试2-3套新素材,日常通勤
机会爆品,大衣,【娇娇推荐00】双面呢外套羊毛呢大衣,1000000.0,达人推广 (100.0%),妙辰羊绒大衣邵辰店,,,,,266.7,建议优先放大头部款预算，并同步测试2-3套新素材,换季焕新
机会爆品,大衣,【反季清仓】羊毛天丝快衣布宽松韩系慵懒百搭双面双穿秋冬外套9088,1000000.0,达人推广 (100.0%),快衣布小个子定制12号店,,,,,0.0,建议优先放大头部款预算，并同步测试2-3套新素材,居家休闲
机会爆品,大衣,三只小山羊※【杨幂同款 钻石绒系列/女主角】双面100纯羊绒加里衬,1000000.0,达人推广 (1.8%),三只小山羊官方旗舰店,,,,,8000.0,建议优先放大头部款预算，并同步测试2-3套新素材,日常通勤
机会爆品,大衣,【1号链接】英子推荐 双面呢大衣,1000000.0,达人推广 (100.0%),JC 企业1店,,,,,266.7,建议优先放大头部款预算，并同步测试2-3套新素材,日常通勤
机会爆品,大衣,RRB Design “人生大衣”典藏级绵羊毛桑蚕丝混纺长款羊毛呢大衣,1000000.0,达人推广 (100.0%),RRB官方旗舰店,,,,,1333.3,建议优先放大头部款预算，并同步测试2-3套新素材,日常通勤
机会爆品,大衣,【琦儿专属】2026春秋冬小个子双面羊毛大衣戗驳领显瘦高长款外套,1000000.0,达人推广 (100.0%),伊迪卡霓裳服饰店,,,,,0.0,建议优先放大头部款预算，并同步测试2-3套新素材,换季焕新
机会爆品,大衣,100%全羊毛双面套装 V领短款羊毛大衣女围裹两件套【2612】,1000000.0,达人推广 (100.0%),Bearkin,,,,,266.7,建议优先放大头部款预算，并同步测试2-3套新素材,日常通勤
机会爆品,大衣,【爆款大衣反季】冬季爆款反季大衣HJ早8.16-YJZ,1000000.0,达人推广 (0.0%),ELLE服饰旗舰店,,,,,571.4,建议优先放大头部款预算，并同步测试2-3套新素材,日常通勤
机会爆品,连衣裙,Jim Kennet一字领无袖修身弹力抽褶包臀连衣裙,1000000.0,达人推广 (100.0%),JimKennet,,,,,26.7,建议优先放大头部款预算，并同步测试2-3套新素材,约会社交
机会爆品,连衣裙,花苞白色无袖背心连衣裙2026夏季新款小个子黑色通勤收腰显瘦长裙,1000000.0,达人推广 (100.0%),芸语服饰,,,,,26.7,建议优先放大头部款预算，并同步测试2-3套新素材,日常通勤
机会爆品,连衣裙,AsGony  蕾丝领拉链收腰花苞连衣裙,1000000.0,达人推广 (100.0%),AsGony女装店,,,,,0.0,建议优先放大头部款预算，并同步测试2-3套新素材,约会社交
机会爆品,连衣裙,【A01-A99】核桃定制高定女装轻奢系列连衣裙【按编号拍】,1000000.0,达人推广 (100.0%),雅韵衣橱女装,,,,,26.7,建议优先放大头部款预算，并同步测试2-3套新素材,约会社交
机会爆品,连衣裙,【金禧禧】75姆米香云纱大皮子宇宙花连衣裙J26137,1000000.0,达人推广 (100.0%),金禧禧女装旗舰店,,,,,571.4,建议优先放大头部款预算，并同步测试2-3套新素材,约会社交
机会爆品,连衣裙,法式复古黑色高级感小肩带连衣裙女夏季短款赫本风气质吊带包臀裙,1000000.0,达人推广 (100.0%),果冻服装工厂,,,,,26.7,建议优先放大头部款预算，并同步测试2-3套新素材,约会社交
机会爆品,连衣裙,【露思同款】经典小黑裙绵羊毛桑蚕丝娃娃领蕾丝收腰显瘦连衣裙1:1,1000000.0,达人推广 (100.0%),CHANAY DIARY香奈日记,,,,,266.7,建议优先放大头部款预算，并同步测试2-3套新素材,约会社交
机会爆品,连衣裙,高级气质洋气高雅鱼尾裙新款修身显瘦长裙#7982,1000000.0,达人推广 (100.0%),禾瑾女装,,,,,26.7,建议优先放大头部款预算，并同步测试2-3套新素材,日常通勤
机会爆品,连衣裙,8月7号早7点品牌集合&星线菲菲-连衣裙,1000000.0,达人推广 (100.0%),赢家时尚女装专营店,,,,,8000.0,建议优先放大头部款预算，并同步测试2-3套新素材,约会社交
机会爆品,连衣裙,100%汉麻夏季新款圆领显瘦宽松直筒无袖连衣裙 1020,1000000.0,达人推广 (100.0%),麻小麦金玉,,,,,57.1,建议优先放大头部款预算，并同步测试2-3套新素材,约会社交
机会爆品,连衣裙,舒胡蕾 美神降临 高定设计桃花皱感姐系缎面时尚气质收腰连衣裙,1000000.0,达人推广 (100.0%),RICH IN CHEESE官方旗舰店,,,,,57.1,建议优先放大头部款预算，并同步测试2-3套新素材,日常通勤
机会爆品,连衣裙,舒胡蕾 生日裙 西装显瘦夏日百搭气质日常时尚感赫本收腰连衣裙,1000000.0,达人推广 (75.0%),RICH IN CHEESE官方旗舰店,,,,,57.1,建议优先放大头部款预算，并同步测试2-3套新素材,日常通勤
机会爆品,连衣裙,Z.blues【美美不同 】加分裙 水溶蕾丝 内搭两件套连衣裙YZJYJ0127,1000000.0,达人推广 (100.0%),Z.blues官方旗舰店,,,,,266.7,建议优先放大头部款预算，并同步测试2-3套新素材,约会社交
机会爆品,连衣裙,秋季新款法式收腰显瘦气质钉珠假两件中长款连衣裙#7101,1000000.0,达人推广 (100.0%),Feistudio轻奢,,,,,26.7,建议优先放大头部款预算，并同步测试2-3套新素材,日常通勤
机会爆品,连衣裙,【选择编号下滑选择尺码】andy夏季新中式新款时尚复古款显瘦连衣裙,1000000.0,达人推广 (100.0%),锦绣连衣裙,,,,,57.1,建议优先放大头部款预算，并同步测试2-3套新素材,约会社交
机会爆品,连衣裙,『落梅花』100%桑蚕丝香云纱国风气质宽松显瘦中长款无袖连衣裙夏季,1000000.0,达人推广 (100.0%),FENGCHUNJI设计师二店,,,,,266.7,建议优先放大头部款预算，并同步测试2-3套新素材,日常通勤
机会爆品,连衣裙,悦戎35姆米重磅真丝桑蚕丝连衣裙女气质百搭简约纯色宽松桑蚕丝裙,1000000.0,达人推广 (0.0%),悦戎官方旗舰店,,,,,571.4,建议优先放大头部款预算，并同步测试2-3套新素材,日常通勤
机会爆品,连衣裙,2夏季新款韩系连衣裙女度假风宽松百搭显瘦休闲气质,1000000.0,达人推广 (100.0%),歌诗凯琳,,,,,26.7,建议优先放大头部款预算，并同步测试2-3套新素材,居家休闲
机会爆品,连衣裙,2026夏季度假风出游修身气质通勤百搭舒适轻薄透气休闲长袖连衣裙,1000000.0,达人推广 (100.0%),赫本多金服饰商行,,,,,57.1,建议优先放大头部款预算，并同步测试2-3套新素材,户外出游
机会爆品,连衣裙,【选择编号下滑选择尺码】andy夏季新中式新款时尚复古款显瘦连衣裙,1000000.0,达人推广 (100.0%),锦绣连衣裙,,,,,57.1,建议优先放大头部款预算，并同步测试2-3套新素材,约会社交
机会爆品,连衣裙,【金禧禧】复古老花香云纱大长袍J26137,1000000.0,达人推广 (100.0%),金禧禧店铺,,,,,571.4,建议优先放大头部款预算，并同步测试2-3套新素材,约会社交
机会爆品,连衣裙,【选择编号下滑选择尺码】andy夏季新中式新款时尚复古款显瘦连衣裙,1000000.0,达人推广 (100.0%),锦绣连衣裙二店,,,,,57.1,建议优先放大头部款预算，并同步测试2-3套新素材,约会社交
机会爆品,连衣裙,【雾粉调】“纯欲系”蕾丝拼接吊带连衣裙韩版裙子,1000000.0,达人推广 (100.0%),逗啊逗2店,,,,,57.1,建议优先放大头部款预算，并同步测试2-3套新素材,约会社交
机会爆品,连衣裙,欧货大码女装夏新款时尚休闲通勤百搭名媛长裙职场气质背心连衣裙,1000000.0,达人推广 (100.0%),初晴精品服饰,,,,,26.7,建议优先放大头部款预算，并同步测试2-3套新素材,日常通勤
机会爆品,连衣裙,天然汉麻手工镶钻连衣裙 LQ65044,1000000.0,达人推广 (100.0%),绮裳韵服装店,,,,,1333.3,建议优先放大头部款预算，并同步测试2-3套新素材,约会社交
机会爆品,连衣裙,JIAN.XU【云岫】夏季苎麻双层方领单排扣背心裙 裙长120胸围110,1000000.0,达人推广 (3.8%),JIANXU茧叙,,,,,2666.7,建议优先放大头部款预算，并同步测试2-3套新素材,约会社交
机会爆品,连衣裙,【宠粉价】气质时尚轻奢复古气质无袖设计连衣裙NH-WX1743,1000000.0,达人推广 (100.0%),绮敏服饰坊,,,,,0.0,建议优先放大头部款预算，并同步测试2-3套新素材,日常通勤
机会爆品,连衣裙,Z.blues【香颂黑裙】难以抗拒 优雅飘带针织开叉连衣裙YZAIJ0031,1000000.0,达人推广 (100.0%),Z.blues官方旗舰店,,,,,266.7,建议优先放大头部款预算，并同步测试2-3套新素材,约会社交
机会爆品,连衣裙,PEACHZHOU 贴标磨破卫衣裙宽松连帽毛圈拼接长款女连衣裙5QS7027,1000000.0,达人推广 (100.0%),PEACHZHOU女装旗舰店,,,,,266.7,建议优先放大头部款预算，并同步测试2-3套新素材,约会社交
机会爆品,连衣裙,林姐！波西米亚风定位花重磅丝巾料100%桑蚕丝双绉连衣裙H90270-7,1000000.0,达人推广 (100.0%),林姐轻奢,,,,,266.7,建议优先放大头部款预算，并同步测试2-3套新素材,约会社交
机会爆品,衬衫,BOXUE【洛克少女】早秋天丝麻法式波点荷叶边长袖衬衫260806T11603,1000000.0,达人推广 (100.0%),柏雪8号店,,,,,57.1,建议优先放大头部款预算，并同步测试2-3套新素材,日常通勤
机会爆品,衬衫,"MBNL-F/秦磊女装“素简衬衫""棉混纺修身显瘦百搭长袖衬衣XY-SY2008",1000000.0,达人推广 (100.0%),秦磊官方旗舰店,,,,,0.0,建议优先放大头部款预算，并同步测试2-3套新素材,日常通勤
机会爆品,衬衫,亚麻V领中袖2026夏季透气百搭宽松时尚棉麻衬衣休闲文艺显瘦,1000000.0,达人推广 (100.0%),噢图大码,,,,,13.3,建议优先放大头部款预算，并同步测试2-3套新素材,居家休闲
机会爆品,衬衫,初棉【17支双门襟】法国亚麻衬衫经纬双长麻去麻节点372604057,1000000.0,达人推广 (0.4%),初棉官方旗舰店,,,,,57.1,建议优先放大头部款预算，并同步测试2-3套新素材,日常通勤
机会爆品,衬衫,【现货+运费险】短袖衬衫女小个子休闲宽松棉麻衬衫时尚衬衫,1000000.0,达人推广 (100.0%),溪礼大码,,,,,13.3,建议优先放大头部款预算，并同步测试2-3套新素材,居家休闲
机会爆品,衬衫,AELE“海盐气泡”条纹假两件休闲宽松百搭抽绳衬衫 C863 6871 AD,1000000.0,达人推广 (100.0%),AELE官方旗舰店,,,,,57.1,建议优先放大头部款预算，并同步测试2-3套新素材,居家休闲
机会爆品,衬衫,LucasEmilyLouie复古时尚百搭连帽格纹长袖衬衫外套2610655,1000000.0,达人推广 (100.0%),LELANDU,,,,,266.7,建议优先放大头部款预算，并同步测试2-3套新素材,日常通勤
机会爆品,衬衫,「高端42支100%苎麻」～老钱风夏初秋衬衣/26高级苎麻长袖外套-N7017,1000000.0,达人推广 (100.0%),壹禾精品女装2号店,,,,,57.1,建议优先放大头部款预算，并同步测试2-3套新素材,日常通勤
机会爆品,衬衫,【风过疏影】XINFENZI 法式轻奢优雅小立领开衫 SS37887,1000000.0,达人推广 (100.0%),XINFENZI新芬子官方旗舰店,,,,,0.0,建议优先放大头部款预算，并同步测试2-3套新素材,日常通勤
机会爆品,衬衫,韩系松弛感复古翻领披肩长袖衬衫女早秋季巨好看独特漂亮减龄小衫,1000000.0,达人推广 (100.0%),欧尼韩舍,,,,,57.1,建议优先放大头部款预算，并同步测试2-3套新素材,日常通勤
机会爆品,衬衫,春夏封神衬衫！老钱风立领衬衫女夏宽松气质薄款上衣,1000000.0,达人推广 (100.0%),港味衣橱精品店,,,,,26.7,建议优先放大头部款预算，并同步测试2-3套新素材,日常通勤
机会爆品,衬衫,虫虫[苎麻上衣合集]高品质夏季新款苎麻短袖衬衫女(K801-K900）,1000000.0,达人推广 (100.0%),A兜兜里有糖6,,,,,26.7,建议优先放大头部款预算，并同步测试2-3套新素材,日常通勤
机会爆品,衬衫,【cc ru】韩系温柔松弛感慵懒风V领通勤衬衫-ODD8890,1000000.0,达人推广 (100.0%),CCRU,,,,,57.1,建议优先放大头部款预算，并同步测试2-3套新素材,日常通勤
机会爆品,衬衫,虫虫[苎麻上衣合集]高品质夏季新款苎麻短袖衬衫女(D201-D300）,1000000.0,达人推广 (100.0%),A兜兜里有糖6,,,,,26.7,建议优先放大头部款预算，并同步测试2-3套新素材,日常通勤
机会爆品,衬衫,(运费险)523温柔风紫色V领纽扣长袖衬衫女显瘦百搭减龄时尚上衣,1000000.0,达人推广 (100.0%),小珍甄选百货优品铺,,,,,13.3,建议优先放大头部款预算，并同步测试2-3套新素材,日常通勤
机会爆品,衬衫,【缤纷夏日】韩系温柔松弛感慵懒风V领通勤衬衫-ODD8890,1000000.0,达人推广 (100.0%),清然衣橱,,,,,57.1,建议优先放大头部款预算，并同步测试2-3套新素材,日常通勤
机会爆品,衬衫,201-200夏季新款2026民族风中式国风刺绣苎麻小衫休闲宽松衬衫女,1000000.0,达人推广 (100.0%),素谷原创苎麻女装,,,,,57.1,建议优先放大头部款预算，并同步测试2-3套新素材,居家休闲
机会爆品,衬衫,【米米新店】2026早秋新款简约宽松翻领长袖衬衫 2602-540,1000000.0,达人推广 (100.0%),米米服饰1店,,,,,57.1,建议优先放大头部款预算，并同步测试2-3套新素材,日常通勤
机会爆品,衬衫,【运费险】新款韩式休闲风长袖衬衫女百搭显瘦上衣超好看时尚9077,1000000.0,达人推广 (100.0%),娜家服饰精选店,,,,,26.7,建议优先放大头部款预算，并同步测试2-3套新素材,日常通勤
机会爆品,衬衫,简约钉珠套头宽松薄款新中式显瘦时尚百搭衬衫小衫气质白色复古,1000000.0,达人推广 (100.0%),苏州柚米新中式,,,,,26.7,建议优先放大头部款预算，并同步测试2-3套新素材,日常通勤
机会爆品,衬衫,S001-999苎麻刺绣小衫合集,1000000.0,达人推广 (100.0%),麻炫3店,,,,,26.7,建议优先放大头部款预算，并同步测试2-3套新素材,日常通勤
机会爆品,衬衫,【秀秀新品5】 文艺风衬衣 简约百搭时尚衬衫,1000000.0,达人推广 (100.0%),秀秀的穿搭5店,,,,,57.1,建议优先放大头部款预算，并同步测试2-3套新素材,日常通勤
机会爆品,衬衫,虫虫[苎麻上衣合集]高品质夏季新款苎麻短袖衬衫女(D601-D700）,1000000.0,达人推广 (100.0%),A兜兜里有糖6,,,,,57.1,建议优先放大头部款预算，并同步测试2-3套新素材,日常通勤
机会爆品,衬衫,26秋新品衬衫女复古印花JJ3621,1000000.0,达人推广 (100.0%),MASTERKIN企业店,,,,,57.1,建议优先放大头部款预算，并同步测试2-3套新素材,日常通勤
机会爆品,衬衫,【运费险】流行春秋新款气质轻奢小众设计感时尚百搭洋气长袖衬9080,1000000.0,达人推广 (100.0%),海娜服装优品店,,,,,13.3,建议优先放大头部款预算，并同步测试2-3套新素材,日常通勤
机会爆品,衬衫,夏季新款韩系慵懒风百搭长袖罩衫-ODD6612,1000000.0,达人推广 (100.0%),清然衣橱,,,,,57.1,建议优先放大头部款预算，并同步测试2-3套新素材,日常通勤
机会爆品,衬衫,1（601-700）新款夏季衬衫设计感显瘦宽松遮肉女文艺风上衣休闲,1000000.0,达人推广 (100.0%),知语勤坊,,,,,13.3,建议优先放大头部款预算，并同步测试2-3套新素材,居家休闲
机会爆品,衬衫,【素心雅织 100%亚麻 翻领休闲 秋麻】宽松显瘦百搭女士衬衫,1000000.0,达人推广 (100.0%),素心雅织女装店,,,,,57.1,建议优先放大头部款预算，并同步测试2-3套新素材,居家休闲
机会爆品,衬衫,【100%人丝】高级感气质小V领长袖衬衫女2026新款简约显瘦百搭衬衣,1000000.0,达人推广 (100.0%),SUITLISA相宜丽莎个体店,,,,,57.1,建议优先放大头部款预算，并同步测试2-3套新素材,日常通勤
机会爆品,衬衫,虫虫[苎麻上衣合集]高品质夏季新款苎麻短袖衬衫女(D401-D500）,1000000.0,达人推广 (100.0%),A兜兜里有糖6,,,,,57.1,建议优先放大头部款预算，并同步测试2-3套新素材,日常通勤
